Variant,Cases,Events,Median duration,Median duration (milliseconds),Mean duration,Mean duration (milliseconds),Step 1,Step 2,Step 3,Step 4,Step 5,Step 6,Step 7,Step 8,Step 9,Step 10,Step 11,Step 12,Step 13,Step 14,Step 15,Step 16,Step 17,Step 18,Step 19,Step 20,Step 21,Step 22,Step 23,Step 24,Step 25,Step 26,Step 27,Step 28,Step 29,Step 30,Step 31,Step 32,Step 33,Step 34,Step 35
Variant 1,485,2,"32 days, 22 hours",2847203000,"78 days, 15 hours",6796319678,Accepted-In Progress,Completed-Closed,,,,,,,,,,,,,,,,,,,,,,,,,,,,,,,,,
Variant 2,129,6,"300 days, 9 hours",25953122000,"344 days, 16 hours",29781580023,Accepted-In Progress,Queued-Awaiting Assignment,Accepted-In Progress,Accepted-Assigned,Accepted-In Progress,Completed-Closed,,,,,,,,,,,,,,,,,,,,,,,,,,,,,
Variant 3,110,3,"81 days, 9 hours",7033393000,"161 days, 2 hours",13919246609,Accepted-In Progress,Accepted-Wait,Completed-Closed,,,,,,,,,,,,,,,,,,,,,,,,,,,,,,,,
Variant 4,95,3,"103 days, 21 hours",8975500000,"219 days, 22 hours",19002759189,Accepted-In Progress,Accepted-In Progress,Completed-Closed,,,,,,,,,,,,,,,,,,,,,,,,,,,,,,,,
Variant 5,67,4,"45 days, 5 hours",3906139000,"82 days, 9 hours",7120629492,Accepted-In Progress,Queued-Awaiting Assignment,Accepted-In Progress,Completed-Closed,,,,,,,,,,,,,,,,,,,,,,,,,,,,,,,
Variant 6,37,4,"77 days, 5 hours",6671972000,"113 days, 8 hours",9793018027,Accepted-In Progress,Accepted-Assigned,Accepted-In Progress,Completed-Closed,,,,,,,,,,,,,,,,,,,,,,,,,,,,,,,
Variant 7,24,4,"120 days, 14 hours",10419257500,"176 days, 16 hours",15267065416,Accepted-In Progress,Accepted-Wait,Accepted-In Progress,Completed-Closed,,,,,,,,,,,,,,,,,,,,,,,,,,,,,,,
Variant 8,22,3,"26 days, 22 hours",2326819500,"59 days, 23 hours",5181663545,Queued-Awaiting Assignment,Accepted-In Progress,Completed-Closed,,,,,,,,,,,,,,,,,,,,,,,,,,,,,,,,
Variant 9,19,5,"90 days, 2 hours",7786237000,"138 days, 17 hours",11986343578,Accepted-In Progress,Queued-Awaiting Assignment,Accepted-In Progress,Accepted-Wait,Completed-Closed,,,,,,,,,,,,,,,,,,,,,,,,,,,,,,
Variant 10,13,3,"68 days, 8 hours",5906521000,"183 days, 2 hours",15821152769,Accepted-In Progress,Accepted-Assigned,Completed-Closed,,,,,,,,,,,,,,,,,,,,,,,,,,,,,,,,
Variant 11,12,6,"65 days, 16 hours",5676301500,"84 days, 17 hours",7322076166,Accepted-In Progress,Queued-Awaiting Assignment,Accepted-In Progress,Queued-Awaiting Assignment,Accepted-In Progress,Completed-Closed,,,,,,,,,,,,,,,,,,,,,,,,,,,,,
Variant 12,9,4,"20 days, 7 hours",1753819000,"40 days, 15 hours",3512462222,Accepted-In Progress,Completed-Closed,Accepted-In Progress,Completed-Closed,,,,,,,,,,,,,,,,,,,,,,,,,,,,,,,
Variant 13,8,5,"160 days, 2 hours",13832251000,"137 days, 23 hours",11921666500,Accepted-In Progress,Accepted-Assigned,Accepted-In Progress,Accepted-In Progress,Completed-Closed,,,,,,,,,,,,,,,,,,,,,,,,,,,,,,
Variant 14,8,4,"106 days, 12 hours",9204744000,"207 days, 11 hours",17927112750,Accepted-In Progress,Accepted-Assigned,Accepted-Wait,Completed-Closed,,,,,,,,,,,,,,,,,,,,,,,,,,,,,,,
Variant 15,8,2,"94 days, 21 hours",8199412500,"74 days, 23 hours",6479236500,Accepted-Wait,Completed-Closed,,,,,,,,,,,,,,,,,,,,,,,,,,,,,,,,,
Variant 16,7,4,"116 days, 23 hours",10107839000,"245 days, 2 hours",21176925857,Accepted-In Progress,Accepted-In Progress,Accepted-Wait,Completed-Closed,,,,,,,,,,,,,,,,,,,,,,,,,,,,,,,
Variant 17,7,5,"99 days, 2 hours",8561657000,"234 days, 3 hours",20229438000,Accepted-In Progress,Accepted-Assigned,Accepted-In Progress,Accepted-Wait,Completed-Closed,,,,,,,,,,,,,,,,,,,,,,,,,,,,,,
Variant 18,7,3,"119 days, 2 hours",10291040000,"259 days, 3 hours",22391918714,Accepted-Assigned,Accepted-In Progress,Completed-Closed,,,,,,,,,,,,,,,,,,,,,,,,,,,,,,,,
Variant 19,6,4,"144 days, 17 hours",12505948500,"231 days, 20 hours",20032048500,Accepted-In Progress,Accepted-In Progress,Accepted-In Progress,Completed-Closed,,,,,,,,,,,,,,,,,,,,,,,,,,,,,,,
Variant 20,6,5,"301 days, 22 hours",26088746000,"1 year, 4 days",31918462166,Accepted-In Progress,Accepted-In Progress,Accepted-Assigned,Accepted-In Progress,Completed-Closed,,,,,,,,,,,,,,,,,,,,,,,,,,,,,,
Variant 21,6,5,"16 days, 13 hours",1430018000,"41 days, 16 hours",3601237833,Accepted-In Progress,Accepted-In Progress,Queued-Awaiting Assignment,Accepted-In Progress,Completed-Closed,,,,,,,,,,,,,,,,,,,,,,,,,,,,,,
Variant 22,5,5,"1 day, 46 mins",89190000,"163 days, 19 hours",14152618600,Queued-Awaiting Assignment,Accepted-In Progress,Queued-Awaiting Assignment,Accepted-In Progress,Completed-Closed,,,,,,,,,,,,,,,,,,,,,,,,,,,,,,
Variant 23,5,5,"3 years, 65 days",100307897000,"3 years, 52 days",99114874400,Accepted-In Progress,Accepted-Wait,Accepted-In Progress,Accepted-In Progress,Completed-Closed,,,,,,,,,,,,,,,,,,,,,,,,,,,,,,
Variant 24,5,4,"244 days, 3 hours",21095484000,"273 days, 17 hours",23648518000,Accepted-In Progress,Accepted-Wait,Accepted-Wait,Completed-Closed,,,,,,,,,,,,,,,,,,,,,,,,,,,,,,,
Variant 25,5,5,"98 days, 13 hours",8514410000,"119 days, 10 hours",10320425200,Accepted-In Progress,Queued-Awaiting Assignment,Accepted-Assigned,Accepted-In Progress,Completed-Closed,,,,,,,,,,,,,,,,,,,,,,,,,,,,,,
Variant 26,5,6,"36 days, 3 hours",3123642000,"165 days, 8 hours",14286874000,Accepted-In Progress,Queued-Awaiting Assignment,Accepted-In Progress,Accepted-Wait,Accepted-In Progress,Completed-Closed,,,,,,,,,,,,,,,,,,,,,,,,,,,,,
Variant 27,4,5,"108 days, 9 hours",9366032000,"118 days, 11 hours",10237868250,Accepted-In Progress,Accepted-Wait,Accepted-Wait,Accepted-In Progress,Completed-Closed,,,,,,,,,,,,,,,,,,,,,,,,,,,,,,
Variant 28,4,5,"46 days, 6 hours",3996312500,"192 days, 1 hour",16594435500,Accepted-In Progress,Queued-Awaiting Assignment,Accepted-In Progress,Accepted-Assigned,Completed-Closed,,,,,,,,,,,,,,,,,,,,,,,,,,,,,,
Variant 29,4,6,"41 days, 14 hours",3594372500,"85 days, 13 hours",7392702750,Accepted-In Progress,Queued-Awaiting Assignment,Accepted-In Progress,Accepted-Assigned,Accepted-Wait,Completed-Closed,,,,,,,,,,,,,,,,,,,,,,,,,,,,,
Variant 30,4,5,"61 days, 14 hours",5322012500,"84 days, 8 hours",7287478250,Accepted-In Progress,Queued-Awaiting Assignment,Accepted-In Progress,Accepted-In Progress,Completed-Closed,,,,,,,,,,,,,,,,,,,,,,,,,,,,,,
Variant 31,4,5,"164 days, 15 hours",14225114500,"274 days, 5 hours",23694844750,Accepted-In Progress,Queued-Awaiting Assignment,Queued-Awaiting Assignment,Accepted-In Progress,Completed-Closed,,,,,,,,,,,,,,,,,,,,,,,,,,,,,,
Variant 32,4,5,"57 days, 13 hours",4974436000,"98 days, 1 hour",8471242000,Accepted-In Progress,Accepted-Assigned,Accepted-Assigned,Accepted-In Progress,Completed-Closed,,,,,,,,,,,,,,,,,,,,,,,,,,,,,,
Variant 33,4,3,"263 days, 14 hours",22774149500,"349 days, 1 hour",30158424000,Accepted-Wait,Accepted-In Progress,Completed-Closed,,,,,,,,,,,,,,,,,,,,,,,,,,,,,,,,
Variant 34,3,5,"76 days, 10 hours",6603890000,"76 days, 10 hours",6604911000,Queued-Awaiting Assignment,Accepted-In Progress,Completed-Closed,Accepted-In Progress,Completed-Closed,,,,,,,,,,,,,,,,,,,,,,,,,,,,,,
Variant 35,3,5,"125 days, 17 hours",10864498000,"125 days, 18 hours",10867571333,Accepted-In Progress,Accepted-In Progress,Accepted-In Progress,Accepted-In Progress,Completed-Closed,,,,,,,,,,,,,,,,,,,,,,,,,,,,,,
Variant 36,3,7,"111 days, 27 mins",9592046000,"266 days, 23 hours",23065755666,Accepted-In Progress,Accepted-In Progress,Queued-Awaiting Assignment,Accepted-In Progress,Accepted-Assigned,Accepted-In Progress,Completed-Closed,,,,,,,,,,,,,,,,,,,,,,,,,,,,
Variant 37,3,7,"3 years, 215 days",113195202000,"3 years, 5 days",95053988000,Accepted-In Progress,Accepted-Wait,Queued-Awaiting Assignment,Accepted-In Progress,Accepted-Assigned,Accepted-In Progress,Completed-Closed,,,,,,,,,,,,,,,,,,,,,,,,,,,,
Variant 38,3,5,"206 days, 21 hours",17876446000,"189 days, 6 hours",16353274666,Accepted-In Progress,Accepted-Wait,Accepted-Assigned,Accepted-Wait,Completed-Closed,,,,,,,,,,,,,,,,,,,,,,,,,,,,,,
Variant 39,3,5,"155 days, 4 hours",13407743000,"136 days, 17 hours",11812192000,Accepted-In Progress,Accepted-Wait,Accepted-Assigned,Accepted-In Progress,Completed-Closed,,,,,,,,,,,,,,,,,,,,,,,,,,,,,,
Variant 40,3,7,"26 days, 21 hours",2323974000,"253 days, 10 hours",21895293000,Accepted-In Progress,Queued-Awaiting Assignment,Accepted-In Progress,Accepted-In Progress,Accepted-Assigned,Accepted-In Progress,Completed-Closed,,,,,,,,,,,,,,,,,,,,,,,,,,,,
Variant 41,3,7,"28 days, 16 hours",2477992000,"50 days, 11 hours",4360493000,Accepted-In Progress,Queued-Awaiting Assignment,Queued-Awaiting Assignment,Accepted-In Progress,Queued-Awaiting Assignment,Accepted-In Progress,Completed-Closed,,,,,,,,,,,,,,,,,,,,,,,,,,,,
Variant 42,3,3,"2 years, 177 days",78365013000,"2 years, 151 days",76148809000,Accepted-In Progress,Unmatched-Unmatched,Completed-Closed,,,,,,,,,,,,,,,,,,,,,,,,,,,,,,,,
Variant 43,3,5,"1 year, 103 days",40451797000,"1 year, 42 days",35197028000,Accepted-In Progress,Completed-Closed,Accepted-In Progress,Accepted-In Progress,Completed-Closed,,,,,,,,,,,,,,,,,,,,,,,,,,,,,,
Variant 44,3,6,"36 days, 11 hours",3153240000,"44 days, 21 hours",3880695000,Accepted-In Progress,Completed-Closed,Accepted-In Progress,Queued-Awaiting Assignment,Accepted-In Progress,Completed-Closed,,,,,,,,,,,,,,,,,,,,,,,,,,,,,
Variant 45,3,5,"243 days, 4 hours",21011238000,"1 year, 29 days",34102148666,Accepted-In Progress,Accepted-Assigned,Accepted-Assigned,Accepted-Wait,Completed-Closed,,,,,,,,,,,,,,,,,,,,,,,,,,,,,,
Variant 46,2,5,"70 days, 8 hours",6078821500,"70 days, 8 hours",6078821500,Accepted-In Progress,Accepted-In Progress,Accepted-Wait,Accepted-In Progress,Completed-Closed,,,,,,,,,,,,,,,,,,,,,,,,,,,,,,
Variant 47,2,5,"236 days, 22 hours",20471808500,"236 days, 22 hours",20471808500,Accepted-In Progress,Accepted-In Progress,Accepted-In Progress,Accepted-Wait,Completed-Closed,,,,,,,,,,,,,,,,,,,,,,,,,,,,,,
Variant 48,2,6,"1 year, 18 days",33149444000,"1 year, 18 days",33149444000,Accepted-In Progress,Accepted-In Progress,Accepted-In Progress,Accepted-Assigned,Accepted-In Progress,Completed-Closed,,,,,,,,,,,,,,,,,,,,,,,,,,,,,
Variant 49,2,8,"348 days, 17 hours",30130397000,"348 days, 17 hours",30130397000,Accepted-In Progress,Accepted-Wait,Accepted-In Progress,Accepted-Wait,Accepted-In Progress,Accepted-Wait,Accepted-In Progress,Completed-Closed,,,,,,,,,,,,,,,,,,,,,,,,,,,
Variant 50,2,7,"54 days, 14 hours",4717365000,"54 days, 14 hours",4717365000,Accepted-In Progress,Accepted-Wait,Accepted-In Progress,Accepted-Wait,Accepted-In Progress,Accepted-Wait,Completed-Closed,,,,,,,,,,,,,,,,,,,,,,,,,,,,
Variant 51,2,5,"250 days, 12 hours",21643558500,"250 days, 12 hours",21643558500,Accepted-In Progress,Accepted-Wait,Accepted-In Progress,Accepted-Wait,Completed-Closed,,,,,,,,,,,,,,,,,,,,,,,,,,,,,,
Variant 52,2,6,"259 days, 14 hours",22430803500,"259 days, 14 hours",22430803500,Accepted-In Progress,Accepted-Wait,Queued-Awaiting Assignment,Accepted-In Progress,Accepted-Wait,Completed-Closed,,,,,,,,,,,,,,,,,,,,,,,,,,,,,
Variant 53,2,7,"26 days, 11 hours",2288402500,"26 days, 11 hours",2288402500,Accepted-In Progress,Accepted-Wait,Completed-Closed,Accepted-In Progress,Queued-Awaiting Assignment,Accepted-In Progress,Completed-Closed,,,,,,,,,,,,,,,,,,,,,,,,,,,,
Variant 54,2,12,"1 year, 183 days",47374986000,"1 year, 183 days",47374986000,Accepted-In Progress,Queued-Awaiting Assignment,Accepted-In Progress,Accepted-Assigned,Accepted-In Progress,Accepted-Assigned,Accepted-Wait,Queued-Awaiting Assignment,Accepted-In Progress,Accepted-Assigned,Accepted-In Progress,Completed-Closed,,,,,,,,,,,,,,,,,,,,,,,
Variant 55,2,7,"25 days, 13 hours",2208627500,"25 days, 13 hours",2208627500,Accepted-In Progress,Queued-Awaiting Assignment,Accepted-In Progress,Accepted-Assigned,Queued-Awaiting Assignment,Accepted-In Progress,Completed-Closed,,,,,,,,,,,,,,,,,,,,,,,,,,,,
Variant 56,2,13,"294 days, 20 hours",25473789000,"294 days, 20 hours",25473789000,Accepted-In Progress,Queued-Awaiting Assignment,Accepted-In Progress,Accepted-Assigned,Queued-Awaiting Assignment,Accepted-Assigned,Accepted-Assigned,Accepted-Wait,Queued-Awaiting Assignment,Accepted-In Progress,Accepted-Assigned,Accepted-In Progress,Completed-Closed,,,,,,,,,,,,,,,,,,,,,,
Variant 57,2,12,"1 year, 180 days",47134348500,"1 year, 180 days",47134348500,Accepted-In Progress,Queued-Awaiting Assignment,Accepted-In Progress,Accepted-Assigned,Queued-Awaiting Assignment,Accepted-Assigned,Accepted-Wait,Queued-Awaiting Assignment,Accepted-In Progress,Accepted-Assigned,Accepted-In Progress,Completed-Closed,,,,,,,,,,,,,,,,,,,,,,,
Variant 58,2,7,"1 year, 47 days",35629322500,"1 year, 47 days",35629322500,Accepted-In Progress,Queued-Awaiting Assignment,Accepted-In Progress,Accepted-Assigned,Accepted-Assigned,Accepted-In Progress,Completed-Closed,,,,,,,,,,,,,,,,,,,,,,,,,,,,
Variant 59,2,7,"241 days, 15 hours",20879782500,"241 days, 15 hours",20879782500,Accepted-In Progress,Queued-Awaiting Assignment,Accepted-In Progress,Accepted-In Progress,Queued-Awaiting Assignment,Accepted-In Progress,Completed-Closed,,,,,,,,,,,,,,,,,,,,,,,,,,,,
Variant 60,2,8,"348 days, 1 hour",30071673000,"348 days, 1 hour",30071673000,Accepted-In Progress,Queued-Awaiting Assignment,Accepted-In Progress,Queued-Awaiting Assignment,Accepted-In Progress,Accepted-Assigned,Accepted-In Progress,Completed-Closed,,,,,,,,,,,,,,,,,,,,,,,,,,,
Variant 61,2,13,"7 days, 10 hours",640988000,"7 days, 10 hours",640988000,Accepted-In Progress,Queued-Awaiting Assignment,Accepted-In Progress,Queued-Awaiting Assignment,Accepted-In Progress,Queued-Awaiting Assignment,Accepted-In Progress,Queued-Awaiting Assignment,Accepted-In Progress,Queued-Awaiting Assignment,Accepted-In Progress,Accepted-In Progress,Completed-Closed,,,,,,,,,,,,,,,,,,,,,,
Variant 62,2,8,"247 days, 1 hour",21345659500,"247 days, 1 hour",21345659500,Accepted-In Progress,Queued-Awaiting Assignment,Accepted-In Progress,Queued-Awaiting Assignment,Accepted-In Progress,Accepted-Wait,Accepted-In Progress,Completed-Closed,,,,,,,,,,,,,,,,,,,,,,,,,,,
Variant 63,2,7,"54 days, 11 hours",4708107000,"54 days, 11 hours",4708107000,Accepted-In Progress,Queued-Awaiting Assignment,Accepted-In Progress,Queued-Awaiting Assignment,Accepted-In Progress,Accepted-Wait,Completed-Closed,,,,,,,,,,,,,,,,,,,,,,,,,,,,
Variant 64,2,8,"181 days, 10 hours",15675011500,"181 days, 10 hours",15675011500,Accepted-In Progress,Queued-Awaiting Assignment,Accepted-In Progress,Queued-Awaiting Assignment,Accepted-In Progress,Accepted-In Progress,Accepted-In Progress,Completed-Closed,,,,,,,,,,,,,,,,,,,,,,,,,,,
Variant 65,2,7,"45 days, 10 hours",3926395000,"45 days, 10 hours",3926395000,Accepted-In Progress,Queued-Awaiting Assignment,Accepted-In Progress,Queued-Awaiting Assignment,Accepted-In Progress,Accepted-In Progress,Completed-Closed,,,,,,,,,,,,,,,,,,,,,,,,,,,,
Variant 66,2,7,"87 days, 10 hours",7554888500,"87 days, 10 hours",7554888500,Accepted-In Progress,Queued-Awaiting Assignment,Accepted-In Progress,Queued-Awaiting Assignment,Accepted-Assigned,Accepted-In Progress,Completed-Closed,,,,,,,,,,,,,,,,,,,,,,,,,,,,
Variant 67,2,8,"361 days, 12 hours",31235677500,"361 days, 12 hours",31235677500,Accepted-In Progress,Queued-Awaiting Assignment,Accepted-In Progress,Accepted-Wait,Accepted-Assigned,Accepted-Wait,Accepted-In Progress,Completed-Closed,,,,,,,,,,,,,,,,,,,,,,,,,,,
Variant 68,2,7,"340 days, 3 hours",29387134000,"340 days, 3 hours",29387134000,Accepted-In Progress,Queued-Awaiting Assignment,Accepted-In Progress,Accepted-Wait,Accepted-Assigned,Accepted-In Progress,Completed-Closed,,,,,,,,,,,,,,,,,,,,,,,,,,,,
Variant 69,2,6,"155 days, 13 hours",13440821000,"155 days, 13 hours",13440821000,Accepted-In Progress,Queued-Awaiting Assignment,Queued-Awaiting Assignment,Queued-Awaiting Assignment,Accepted-In Progress,Completed-Closed,,,,,,,,,,,,,,,,,,,,,,,,,,,,,
Variant 70,2,6,"48 days, 12 hours",4191838500,"48 days, 12 hours",4191838500,Accepted-In Progress,Completed-Closed,Accepted-In Progress,Completed-Closed,Accepted-In Progress,Completed-Closed,,,,,,,,,,,,,,,,,,,,,,,,,,,,,
Variant 71,2,6,"1 year, 41 days",35129283500,"1 year, 41 days",35129283500,Accepted-In Progress,Accepted-Assigned,Accepted-In Progress,Accepted-Assigned,Accepted-In Progress,Completed-Closed,,,,,,,,,,,,,,,,,,,,,,,,,,,,,
Variant 72,2,7,"288 days, 2 hours",24893802500,"288 days, 2 hours",24893802500,Accepted-In Progress,Accepted-Assigned,Accepted-In Progress,Accepted-Wait,Accepted-In Progress,Accepted-Wait,Completed-Closed,,,,,,,,,,,,,,,,,,,,,,,,,,,,
Variant 73,2,6,"1 year, 97 days",39950248500,"1 year, 97 days",39950248500,Accepted-In Progress,Accepted-Assigned,Accepted-Assigned,Accepted-In Progress,Accepted-Wait,Completed-Closed,,,,,,,,,,,,,,,,,,,,,,,,,,,,,
Variant 74,2,4,"1 year, 343 days",61251867500,"1 year, 343 days",61251867500,Accepted-Wait,Accepted-In Progress,Accepted-In Progress,Completed-Closed,,,,,,,,,,,,,,,,,,,,,,,,,,,,,,,
Variant 75,2,4,"77 days, 14 hours",6705905500,"77 days, 14 hours",6705905500,Accepted-Wait,Accepted-In Progress,Accepted-Wait,Completed-Closed,,,,,,,,,,,,,,,,,,,,,,,,,,,,,,,
Variant 76,2,4,"179 days, 1 hour",15469977000,"179 days, 1 hour",15469977000,Accepted-Wait,Accepted-Assigned,Accepted-In Progress,Completed-Closed,,,,,,,,,,,,,,,,,,,,,,,,,,,,,,,
Variant 77,1,5,"6 years, 64 days",194818911000,"6 years, 64 days",194818911000,Queued-Awaiting Assignment,Accepted-In Progress,Accepted-Assigned,Accepted-In Progress,Completed-Closed,,,,,,,,,,,,,,,,,,,,,,,,,,,,,,
Variant 78,1,6,"5 years, 75 days",164161371000,"5 years, 75 days",164161371000,Accepted-In Progress,Accepted-In Progress,Accepted-Wait,Accepted-In Progress,Accepted-In Progress,Completed-Closed,,,,,,,,,,,,,,,,,,,,,,,,,,,,,
Variant 79,1,7,"3 years, 257 days",116862884000,"3 years, 257 days",116862884000,Accepted-In Progress,Accepted-In Progress,Accepted-Wait,Accepted-In Progress,Accepted-In Progress,Accepted-In Progress,Completed-Closed,,,,,,,,,,,,,,,,,,,,,,,,,,,,
Variant 80,1,8,"3 years, 126 days",105579780000,"3 years, 126 days",105579780000,Accepted-In Progress,Accepted-In Progress,Accepted-In Progress,Queued-Awaiting Assignment,Accepted-In Progress,Queued-Awaiting Assignment,Accepted-In Progress,Completed-Closed,,,,,,,,,,,,,,,,,,,,,,,,,,,
Variant 81,1,9,"2 years, 192 days",79711950000,"2 years, 192 days",79711950000,Accepted-In Progress,Queued-Awaiting Assignment,Accepted-Assigned,Queued-Awaiting Assignment,Accepted-In Progress,Accepted-Wait,Queued-Awaiting Assignment,Accepted-In Progress,Completed-Closed,,,,,,,,,,,,,,,,,,,,,,,,,,
Variant 82,1,10,"2 years, 250 days",84716479000,"2 years, 250 days",84716479000,Queued-Awaiting Assignment,Accepted-In Progress,Accepted-Wait,Queued-Awaiting Assignment,Queued-Awaiting Assignment,Accepted-In Progress,Accepted-Wait,Accepted-In Progress,Accepted-Wait,Completed-Closed,,,,,,,,,,,,,,,,,,,,,,,,,
Variant 83,1,9,"2 years, 208 days",81122951000,"2 years, 208 days",81122951000,Accepted-In Progress,Accepted-Assigned,Accepted-In Progress,Accepted-Assigned,Accepted-In Progress,Accepted-In Progress,Accepted-Assigned,Accepted-In Progress,Completed-Closed,,,,,,,,,,,,,,,,,,,,,,,,,,
Variant 84,1,10,"2 years, 155 days",76532803000,"2 years, 155 days",76532803000,Accepted-Wait,Unmatched-Unmatched,Queued-Awaiting Assignment,Accepted-In Progress,Accepted-Wait,Accepted-Assigned,Accepted-Assigned,Accepted-Wait,Accepted-In Progress,Completed-Closed,,,,,,,,,,,,,,,,,,,,,,,,,
Variant 85,1,9,"2 years, 83 days",70326781000,"2 years, 83 days",70326781000,Accepted-In Progress,Accepted-Wait,Queued-Awaiting Assignment,Accepted-In Progress,Accepted-In Progress,Accepted-Wait,Accepted-Assigned,Accepted-Wait,Completed-Closed,,,,,,,,,,,,,,,,,,,,,,,,,,
Variant 86,1,6,"2 years, 151 days",76190726000,"2 years, 151 days",76190726000,Accepted-In Progress,Accepted-Assigned,Queued-Awaiting Assignment,Accepted-In Progress,Accepted-Wait,Completed-Closed,,,,,,,,,,,,,,,,,,,,,,,,,,,,,
Variant 87,1,7,"2 years, 150 days",76036322000,"2 years, 150 days",76036322000,Accepted-In Progress,Accepted-In Progress,Accepted-Assigned,Accepted-Assigned,Accepted-Assigned,Accepted-In Progress,Completed-Closed,,,,,,,,,,,,,,,,,,,,,,,,,,,,
Variant 88,1,6,"2 years, 155 days",76536202000,"2 years, 155 days",76536202000,Queued-Awaiting Assignment,Accepted-In Progress,Accepted-Wait,Accepted-In Progress,Accepted-Wait,Completed-Closed,,,,,,,,,,,,,,,,,,,,,,,,,,,,,
Variant 89,1,13,"2 years, 138 days",75071033000,"2 years, 138 days",75071033000,Accepted-In Progress,Accepted-In Progress,Queued-Awaiting Assignment,Accepted-Assigned,Accepted-Assigned,Accepted-Wait,Accepted-In Progress,Queued-Awaiting Assignment,Accepted-In Progress,Queued-Awaiting Assignment,Accepted-Assigned,Accepted-In Progress,Completed-Closed,,,,,,,,,,,,,,,,,,,,,,
Variant 90,1,5,"2 years, 55 days",67840918000,"2 years, 55 days",67840918000,Accepted-In Progress,Queued-Awaiting Assignment,Accepted-In Progress,Unmatched-Unmatched,Completed-Closed,,,,,,,,,,,,,,,,,,,,,,,,,,,,,,
Variant 91,1,4,"2 years, 132 days",74491927000,"2 years, 132 days",74491927000,Unmatched-Unmatched,Accepted-Assigned,Accepted-In Progress,Completed-Closed,,,,,,,,,,,,,,,,,,,,,,,,,,,,,,,
Variant 92,1,7,"2 years, 17 days",64626605000,"2 years, 17 days",64626605000,Accepted-In Progress,Accepted-Wait,Accepted-Assigned,Accepted-Wait,Accepted-In Progress,Accepted-In Progress,Completed-Closed,,,,,,,,,,,,,,,,,,,,,,,,,,,,
Variant 93,1,11,"1 year, 337 days",60736989000,"1 year, 337 days",60736989000,Accepted-In Progress,Accepted-Wait,Accepted-In Progress,Queued-Awaiting Assignment,Accepted-In Progress,Accepted-Assigned,Accepted-Wait,Accepted-Assigned,Accepted-Assigned,Accepted-Wait,Completed-Closed,,,,,,,,,,,,,,,,,,,,,,,,
Variant 94,1,8,"1 year, 329 days",60032882000,"1 year, 329 days",60032882000,Accepted-In Progress,Accepted-Wait,Queued-Awaiting Assignment,Accepted-In Progress,Accepted-Wait,Accepted-Assigned,Accepted-Wait,Completed-Closed,,,,,,,,,,,,,,,,,,,,,,,,,,,
Variant 95,1,10,"1 year, 326 days",59775743000,"1 year, 326 days",59775743000,Accepted-In Progress,Queued-Awaiting Assignment,Accepted-In Progress,Accepted-In Progress,Accepted-In Progress,Accepted-In Progress,Accepted-In Progress,Accepted-Assigned,Accepted-In Progress,Completed-Closed,,,,,,,,,,,,,,,,,,,,,,,,,
Variant 96,1,6,"1 year, 319 days",59142896000,"1 year, 319 days",59142896000,Accepted-In Progress,Unmatched-Unmatched,Accepted-In Progress,Accepted-Wait,Accepted-In Progress,Completed-Closed,,,,,,,,,,,,,,,,,,,,,,,,,,,,,
Variant 97,1,10,"1 year, 314 days",58731505000,"1 year, 314 days",58731505000,Accepted-In Progress,Accepted-In Progress,Queued-Awaiting Assignment,Accepted-In Progress,Queued-Awaiting Assignment,Accepted-In Progress,Accepted-Assigned,Accepted-In Progress,Accepted-In Progress,Completed-Closed,,,,,,,,,,,,,,,,,,,,,,,,,
Variant 98,1,7,"1 year, 361 days",62792941000,"1 year, 361 days",62792941000,Accepted-Assigned,Queued-Awaiting Assignment,Accepted-In Progress,Accepted-Assigned,Accepted-Wait,Accepted-In Progress,Completed-Closed,,,,,,,,,,,,,,,,,,,,,,,,,,,,
Variant 99,1,6,"1 year, 317 days",58970179000,"1 year, 317 days",58970179000,Accepted-In Progress,Accepted-In Progress,Queued-Awaiting Assignment,Accepted-In Progress,Accepted-In Progress,Completed-Closed,,,,,,,,,,,,,,,,,,,,,,,,,,,,,
Variant 100,1,7,"2 years, 26 days",65318691000,"2 years, 26 days",65318691000,Accepted-In Progress,Accepted-In Progress,Queued-Awaiting Assignment,Accepted-In Progress,Accepted-In Progress,Accepted-In Progress,Completed-Closed,,,,,,,,,,,,,,,,,,,,,,,,,,,,
Variant 101,1,6,"1 year, 301 days",57557378000,"1 year, 301 days",57557378000,Accepted-In Progress,Accepted-Assigned,Queued-Awaiting Assignment,Accepted-In Progress,Unmatched-Unmatched,Completed-Closed,,,,,,,,,,,,,,,,,,,,,,,,,,,,,
Variant 102,1,4,"1 year, 321 days",59271870000,"1 year, 321 days",59271870000,Accepted-In Progress,Unmatched-Unmatched,Accepted-In Progress,Completed-Closed,,,,,,,,,,,,,,,,,,,,,,,,,,,,,,,
Variant 103,1,10,"1 year, 273 days",55208092000,"1 year, 273 days",55208092000,Accepted-In Progress,Accepted-In Progress,Accepted-In Progress,Accepted-Wait,Accepted-Assigned,Accepted-Assigned,Accepted-In Progress,Accepted-Assigned,Accepted-In Progress,Completed-Closed,,,,,,,,,,,,,,,,,,,,,,,,,
Variant 104,1,7,"1 year, 273 days",55208130000,"1 year, 273 days",55208130000,Accepted-In Progress,Accepted-In Progress,Accepted-In Progress,Accepted-Wait,Accepted-Assigned,Accepted-Wait,Completed-Closed,,,,,,,,,,,,,,,,,,,,,,,,,,,,
Variant 105,1,12,"1 year, 316 days",58866526000,"1 year, 316 days",58866526000,Accepted-In Progress,Queued-Awaiting Assignment,Accepted-In Progress,Queued-Awaiting Assignment,Queued-Awaiting Assignment,Accepted-In Progress,Accepted-Assigned,Accepted-In Progress,Accepted-Assigned,Accepted-Wait,Accepted-In Progress,Completed-Closed,,,,,,,,,,,,,,,,,,,,,,,
Variant 106,1,13,"1 year, 285 days",56224980000,"1 year, 285 days",56224980000,Accepted-In Progress,Queued-Awaiting Assignment,Accepted-In Progress,Accepted-Assigned,Queued-Awaiting Assignment,Accepted-In Progress,Accepted-Assigned,Accepted-Wait,Queued-Awaiting Assignment,Accepted-In Progress,Accepted-Assigned,Accepted-In Progress,Completed-Closed,,,,,,,,,,,,,,,,,,,,,,
Variant 107,1,8,"1 year, 249 days",53131562000,"1 year, 249 days",53131562000,Accepted-In Progress,Queued-Awaiting Assignment,Accepted-In Progress,Accepted-Assigned,Queued-Awaiting Assignment,Accepted-In Progress,Accepted-Wait,Completed-Closed,,,,,,,,,,,,,,,,,,,,,,,,,,,
Variant 108,1,8,"1 year, 268 days",54765734000,"1 year, 268 days",54765734000,Accepted-In Progress,Unmatched-Unmatched,Queued-Awaiting Assignment,Accepted-In Progress,Accepted-Wait,Accepted-Assigned,Accepted-Wait,Completed-Closed,,,,,,,,,,,,,,,,,,,,,,,,,,,
Variant 109,1,11,"1 year, 278 days",55632801000,"1 year, 278 days",55632801000,Accepted-In Progress,Queued-Awaiting Assignment,Accepted-In Progress,Accepted-Assigned,Accepted-In Progress,Accepted-In Progress,Queued-Awaiting Assignment,Accepted-In Progress,Accepted-Assigned,Accepted-Wait,Completed-Closed,,,,,,,,,,,,,,,,,,,,,,,,
Variant 110,1,8,"1 year, 263 days",54283030000,"1 year, 263 days",54283030000,Accepted-In Progress,Accepted-In Progress,Accepted-In Progress,Queued-Awaiting Assignment,Accepted-In Progress,Accepted-Assigned,Accepted-In Progress,Completed-Closed,,,,,,,,,,,,,,,,,,,,,,,,,,,
Variant 111,1,8,"1 year, 256 days",53666979000,"1 year, 256 days",53666979000,Queued-Awaiting Assignment,Accepted-In Progress,Queued-Awaiting Assignment,Queued-Awaiting Assignment,Accepted-In Progress,Accepted-Assigned,Accepted-In Progress,Completed-Closed,,,,,,,,,,,,,,,,,,,,,,,,,,,
Variant 112,1,8,"1 year, 303 days",57723269000,"1 year, 303 days",57723269000,Accepted-In Progress,Accepted-Wait,Accepted-In Progress,Queued-Awaiting Assignment,Accepted-In Progress,Queued-Awaiting Assignment,Accepted-In Progress,Completed-Closed,,,,,,,,,,,,,,,,,,,,,,,,,,,
Variant 113,1,13,"1 year, 246 days",52831962000,"1 year, 246 days",52831962000,Accepted-In Progress,Queued-Awaiting Assignment,Accepted-In Progress,Accepted-Assigned,Accepted-In Progress,Accepted-Wait,Accepted-In Progress,Queued-Awaiting Assignment,Accepted-In Progress,Accepted-In Progress,Accepted-Assigned,Accepted-In Progress,Completed-Closed,,,,,,,,,,,,,,,,,,,,,,
Variant 114,1,17,"1 year, 267 days",54659704000,"1 year, 267 days",54659704000,Queued-Awaiting Assignment,Accepted-In Progress,Accepted-Assigned,Accepted-Assigned,Accepted-In Progress,Accepted-In Progress,Queued-Awaiting Assignment,Accepted-In Progress,Queued-Awaiting Assignment,Accepted-In Progress,Completed-Closed,Accepted-In Progress,Completed-Closed,Accepted-In Progress,Queued-Awaiting Assignment,Accepted-In Progress,Completed-Closed,,,,,,,,,,,,,,,,,,
Variant 115,1,8,"1 year, 237 days",52097979000,"1 year, 237 days",52097979000,Accepted-In Progress,Queued-Awaiting Assignment,Accepted-Assigned,Queued-Awaiting Assignment,Accepted-In Progress,Accepted-Assigned,Accepted-In Progress,Completed-Closed,,,,,,,,,,,,,,,,,,,,,,,,,,,
Variant 116,1,10,"1 year, 239 days",52266769000,"1 year, 239 days",52266769000,Accepted-In Progress,Queued-Awaiting Assignment,Accepted-In Progress,Accepted-Assigned,Queued-Awaiting Assignment,Accepted-Assigned,Accepted-Assigned,Queued-Awaiting Assignment,Accepted-In Progress,Completed-Closed,,,,,,,,,,,,,,,,,,,,,,,,,
Variant 117,1,12,"1 year, 233 days",51673573000,"1 year, 233 days",51673573000,Accepted-In Progress,Queued-Awaiting Assignment,Accepted-In Progress,Accepted-Assigned,Accepted-In Progress,Accepted-Assigned,Accepted-In Progress,Queued-Awaiting Assignment,Accepted-In Progress,Accepted-Assigned,Accepted-In Progress,Completed-Closed,,,,,,,,,,,,,,,,,,,,,,,
Variant 118,1,7,"1 year, 287 days",56345005000,"1 year, 287 days",56345005000,Accepted-In Progress,Accepted-Wait,Accepted-In Progress,Completed-Closed,Accepted-In Progress,Accepted-In Progress,Completed-Closed,,,,,,,,,,,,,,,,,,,,,,,,,,,,
Variant 119,1,17,"1 year, 230 days",51421436000,"1 year, 230 days",51421436000,Accepted-In Progress,Accepted-In Progress,Queued-Awaiting Assignment,Queued-Awaiting Assignment,Accepted-Assigned,Accepted-In Progress,Accepted-Assigned,Accepted-Assigned,Accepted-Assigned,Accepted-Assigned,Accepted-In Progress,Accepted-Wait,Accepted-Assigned,Accepted-In Progress,Accepted-Assigned,Accepted-Wait,Completed-Closed,,,,,,,,,,,,,,,,,,
Variant 120,1,14,"1 year, 213 days",49946060000,"1 year, 213 days",49946060000,Accepted-In Progress,Queued-Awaiting Assignment,Accepted-In Progress,Accepted-Assigned,Accepted-In Progress,Completed-Closed,Accepted-In Progress,Queued-Awaiting Assignment,Accepted-Assigned,Queued-Awaiting Assignment,Accepted-In Progress,Accepted-Assigned,Accepted-In Progress,Completed-Closed,,,,,,,,,,,,,,,,,,,,,
Variant 121,1,7,"1 year, 202 days",49016954000,"1 year, 202 days",49016954000,Accepted-In Progress,Queued-Awaiting Assignment,Accepted-Assigned,Accepted-Assigned,Accepted-In Progress,Accepted-Wait,Completed-Closed,,,,,,,,,,,,,,,,,,,,,,,,,,,,
Variant 122,1,7,"1 year, 197 days",48642624000,"1 year, 197 days",48642624000,Accepted-In Progress,Queued-Awaiting Assignment,Accepted-In Progress,Accepted-Assigned,Accepted-In Progress,Accepted-In Progress,Completed-Closed,,,,,,,,,,,,,,,,,,,,,,,,,,,,
Variant 123,1,11,"1 year, 187 days",47765734000,"1 year, 187 days",47765734000,Accepted-In Progress,Queued-Awaiting Assignment,Accepted-In Progress,Accepted-Assigned,Queued-Awaiting Assignment,Accepted-Assigned,Queued-Awaiting Assignment,Accepted-In Progress,Accepted-In Progress,Accepted-In Progress,Completed-Closed,,,,,,,,,,,,,,,,,,,,,,,,
Variant 124,1,14,"1 year, 185 days",47521404000,"1 year, 185 days",47521404000,Accepted-In Progress,Queued-Awaiting Assignment,Accepted-In Progress,Accepted-Assigned,Accepted-In Progress,Accepted-Wait,Accepted-Assigned,Accepted-In Progress,Accepted-Assigned,Queued-Awaiting Assignment,Accepted-In Progress,Accepted-Assigned,Accepted-In Progress,Completed-Closed,,,,,,,,,,,,,,,,,,,,,
Variant 125,1,13,"1 year, 161 days",45509085000,"1 year, 161 days",45509085000,Accepted-In Progress,Queued-Awaiting Assignment,Accepted-In Progress,Accepted-Wait,Accepted-In Progress,Accepted-Assigned,Accepted-In Progress,Accepted-Assigned,Accepted-Assigned,Accepted-In Progress,Accepted-Assigned,Accepted-In Progress,Completed-Closed,,,,,,,,,,,,,,,,,,,,,,
Variant 126,1,9,"1 year, 201 days",48984356000,"1 year, 201 days",48984356000,Accepted-In Progress,Accepted-Assigned,Accepted-Assigned,Accepted-Wait,Accepted-Assigned,Accepted-Wait,Accepted-Assigned,Accepted-In Progress,Completed-Closed,,,,,,,,,,,,,,,,,,,,,,,,,,
Variant 127,1,10,"1 year, 129 days",42687525000,"1 year, 129 days",42687525000,Accepted-In Progress,Queued-Awaiting Assignment,Accepted-In Progress,Accepted-Assigned,Accepted-Assigned,Accepted-In Progress,Accepted-Assigned,Accepted-In Progress,Accepted-Wait,Completed-Closed,,,,,,,,,,,,,,,,,,,,,,,,,
Variant 128,1,15,"1 year, 155 days",44943107000,"1 year, 155 days",44943107000,Accepted-In Progress,Queued-Awaiting Assignment,Accepted-In Progress,Queued-Awaiting Assignment,Accepted-In Progress,Queued-Awaiting Assignment,Accepted-In Progress,Queued-Awaiting Assignment,Accepted-In Progress,Accepted-In Progress,Accepted-Wait,Accepted-In Progress,Accepted-Wait,Accepted-In Progress,Completed-Closed,,,,,,,,,,,,,,,,,,,,
Variant 129,1,9,"1 year, 141 days",43749419000,"1 year, 141 days",43749419000,Accepted-In Progress,Queued-Awaiting Assignment,Accepted-In Progress,Accepted-Assigned,Accepted-Assigned,Accepted-In Progress,Accepted-Assigned,Accepted-Wait,Completed-Closed,,,,,,,,,,,,,,,,,,,,,,,,,,
Variant 130,1,8,"1 year, 227 days",51149796000,"1 year, 227 days",51149796000,Accepted-In Progress,Accepted-Assigned,Accepted-In Progress,Accepted-Assigned,Queued-Awaiting Assignment,Accepted-Assigned,Accepted-In Progress,Completed-Closed,,,,,,,,,,,,,,,,,,,,,,,,,,,
Variant 131,1,9,"1 year, 94 days",39740490000,"1 year, 94 days",39740490000,Accepted-In Progress,Queued-Awaiting Assignment,Accepted-In Progress,Accepted-Wait,Accepted-Assigned,Accepted-In Progress,Accepted-Wait,Accepted-In Progress,Completed-Closed,,,,,,,,,,,,,,,,,,,,,,,,,,
Variant 132,1,7,"1 year, 156 days",45025710000,"1 year, 156 days",45025710000,Accepted-In Progress,Queued-Awaiting Assignment,Accepted-In Progress,Accepted-Assigned,Accepted-In Progress,Accepted-Assigned,Completed-Closed,,,,,,,,,,,,,,,,,,,,,,,,,,,,
Variant 133,1,6,"1 year, 71 days",37673950000,"1 year, 71 days",37673950000,Accepted-In Progress,Accepted-In Progress,Queued-Awaiting Assignment,Accepted-In Progress,Accepted-Assigned,Completed-Closed,,,,,,,,,,,,,,,,,,,,,,,,,,,,,
Variant 134,1,13,"1 year, 110 days",41065889000,"1 year, 110 days",41065889000,Accepted-In Progress,Accepted-Wait,Queued-Awaiting Assignment,Accepted-In Progress,Accepted-Wait,Queued-Awaiting Assignment,Accepted-In Progress,Accepted-Wait,Queued-Awaiting Assignment,Accepted-In Progress,Accepted-Wait,Accepted-In Progress,Completed-Closed,,,,,,,,,,,,,,,,,,,,,,
Variant 135,1,18,"1 year, 83 days",38713136000,"1 year, 83 days",38713136000,Accepted-In Progress,Queued-Awaiting Assignment,Accepted-In Progress,Accepted-Assigned,Accepted-In Progress,Accepted-In Progress,Queued-Awaiting Assignment,Accepted-Assigned,Accepted-In Progress,Accepted-Wait,Queued-Awaiting Assignment,Accepted-In Progress,Queued-Awaiting Assignment,Accepted-Assigned,Accepted-In Progress,Accepted-Assigned,Accepted-In Progress,Completed-Closed,,,,,,,,,,,,,,,,,
Variant 136,1,9,"1 year, 85 days",38903680000,"1 year, 85 days",38903680000,Accepted-In Progress,Queued-Awaiting Assignment,Accepted-In Progress,Accepted-Wait,Accepted-In Progress,Accepted-Assigned,Accepted-Assigned,Accepted-In Progress,Completed-Closed,,,,,,,,,,,,,,,,,,,,,,,,,,
Variant 137,1,8,"1 year, 107 days",40855600000,"1 year, 107 days",40855600000,Accepted-In Progress,Queued-Awaiting Assignment,Accepted-In Progress,Accepted-Assigned,Accepted-In Progress,Accepted-Assigned,Accepted-In Progress,Completed-Closed,,,,,,,,,,,,,,,,,,,,,,,,,,,
Variant 138,1,22,"1 year, 72 days",37760116000,"1 year, 72 days",37760116000,Accepted-In Progress,Queued-Awaiting Assignment,Accepted-In Progress,Accepted-Assigned,Queued-Awaiting Assignment,Accepted-Assigned,Accepted-In Progress,Queued-Awaiting Assignment,Accepted-In Progress,Accepted-Assigned,Queued-Awaiting Assignment,Accepted-In Progress,Accepted-In Progress,Accepted-In Progress,Accepted-Assigned,Accepted-Assigned,Accepted-In Progress,Queued-Awaiting Assignment,Accepted-In Progress,Accepted-Assigned,Accepted-In Progress,Completed-Closed,,,,,,,,,,,,,
Variant 139,1,5,"1 year, 50 days",35863543000,"1 year, 50 days",35863543000,Accepted-In Progress,Accepted-In Progress,Accepted-Assigned,Accepted-Wait,Completed-Closed,,,,,,,,,,,,,,,,,,,,,,,,,,,,,,
Variant 140,1,15,"1 year, 54 days",36222344000,"1 year, 54 days",36222344000,Accepted-In Progress,Queued-Awaiting Assignment,Accepted-In Progress,Accepted-Assigned,Queued-Awaiting Assignment,Accepted-Assigned,Accepted-Wait,Accepted-Assigned,Accepted-In Progress,Accepted-Wait,Queued-Awaiting Assignment,Accepted-In Progress,Accepted-Assigned,Accepted-In Progress,Completed-Closed,,,,,,,,,,,,,,,,,,,,
Variant 141,1,8,"1 year, 128 days",42600337000,"1 year, 128 days",42600337000,Accepted-In Progress,Accepted-In Progress,Accepted-Assigned,Accepted-In Progress,Accepted-Wait,Accepted-Assigned,Accepted-Wait,Completed-Closed,,,,,,,,,,,,,,,,,,,,,,,,,,,
Variant 142,1,15,"1 year, 40 days",35046876000,"1 year, 40 days",35046876000,Accepted-In Progress,Queued-Awaiting Assignment,Queued-Awaiting Assignment,Accepted-In Progress,Accepted-Assigned,Queued-Awaiting Assignment,Accepted-Assigned,Accepted-In Progress,Accepted-Wait,Accepted-In Progress,Queued-Awaiting Assignment,Accepted-In Progress,Accepted-Assigned,Accepted-In Progress,Completed-Closed,,,,,,,,,,,,,,,,,,,,
Variant 143,1,6,"1 year, 35 days",34594167000,"1 year, 35 days",34594167000,Queued-Awaiting Assignment,Queued-Awaiting Assignment,Accepted-Assigned,Queued-Awaiting Assignment,Accepted-In Progress,Completed-Closed,,,,,,,,,,,,,,,,,,,,,,,,,,,,,
Variant 144,1,11,"1 year, 140 days",43708675000,"1 year, 140 days",43708675000,Accepted-In Progress,Accepted-Wait,Accepted-Wait,Accepted-In Progress,Accepted-Wait,Accepted-In Progress,Accepted-Assigned,Accepted-Assigned,Accepted-In Progress,Accepted-In Progress,Completed-Closed,,,,,,,,,,,,,,,,,,,,,,,,
Variant 145,1,6,"1 year, 9 days",32318263000,"1 year, 9 days",32318263000,Accepted-In Progress,Accepted-Wait,Accepted-In Progress,Accepted-Wait,Accepted-Wait,Completed-Closed,,,,,,,,,,,,,,,,,,,,,,,,,,,,,
Variant 146,1,9,"1 year, 102 days",40353306000,"1 year, 102 days",40353306000,Accepted-In Progress,Accepted-Assigned,Accepted-In Progress,Completed-Closed,Accepted-In Progress,Accepted-Assigned,Accepted-In Progress,Accepted-Wait,Completed-Closed,,,,,,,,,,,,,,,,,,,,,,,,,,
Variant 147,1,16,"1 year, 41 days",35094861000,"1 year, 41 days",35094861000,Accepted-In Progress,Queued-Awaiting Assignment,Queued-Awaiting Assignment,Accepted-In Progress,Accepted-In Progress,Accepted-Wait,Queued-Awaiting Assignment,Accepted-In Progress,Queued-Awaiting Assignment,Queued-Awaiting Assignment,Accepted-Assigned,Accepted-Assigned,Queued-Awaiting Assignment,Accepted-In Progress,Accepted-Wait,Completed-Closed,,,,,,,,,,,,,,,,,,,
Variant 148,1,29,"1 year, 68 days",37477793000,"1 year, 68 days",37477793000,Accepted-In Progress,Accepted-Assigned,Accepted-Wait,Completed-Closed,Accepted-In Progress,Queued-Awaiting Assignment,Accepted-In Progress,Accepted-Wait,Queued-Awaiting Assignment,Queued-Awaiting Assignment,Accepted-In Progress,Queued-Awaiting Assignment,Accepted-In Progress,Queued-Awaiting Assignment,Accepted-In Progress,Accepted-Wait,Queued-Awaiting Assignment,Accepted-In Progress,Queued-Awaiting Assignment,Accepted-In Progress,Completed-Closed,Accepted-In Progress,Queued-Awaiting Assignment,Accepted-In Progress,Queued-Awaiting Assignment,Accepted-In Progress,Accepted-Assigned,Accepted-Wait,Completed-Closed,,,,,,
Variant 149,1,9,"335 days, 22 hours",29024567000,"335 days, 22 hours",29024567000,Accepted-In Progress,Accepted-Assigned,Accepted-Assigned,Accepted-Wait,Accepted-Wait,Accepted-Assigned,Accepted-Wait,Accepted-Wait,Completed-Closed,,,,,,,,,,,,,,,,,,,,,,,,,,
Variant 150,1,11,"353 days, 9 hours",30532422000,"353 days, 9 hours",30532422000,Accepted-In Progress,Queued-Awaiting Assignment,Accepted-In Progress,Accepted-Assigned,Queued-Awaiting Assignment,Accepted-In Progress,Accepted-Assigned,Accepted-Wait,Queued-Awaiting Assignment,Accepted-In Progress,Completed-Closed,,,,,,,,,,,,,,,,,,,,,,,,
Variant 151,1,13,"341 days, 22 hours",29543270000,"341 days, 22 hours",29543270000,Accepted-In Progress,Queued-Awaiting Assignment,Accepted-In Progress,Accepted-Assigned,Accepted-In Progress,Queued-Awaiting Assignment,Accepted-Assigned,Accepted-Wait,Queued-Awaiting Assignment,Accepted-In Progress,Accepted-Assigned,Accepted-In Progress,Completed-Closed,,,,,,,,,,,,,,,,,,,,,,
Variant 152,1,7,"335 days, 17 hours",29007306000,"335 days, 17 hours",29007306000,Accepted-In Progress,Accepted-In Progress,Accepted-Wait,Queued-Awaiting Assignment,Accepted-Assigned,Accepted-Wait,Completed-Closed,,,,,,,,,,,,,,,,,,,,,,,,,,,,
Variant 153,1,4,"321 days, 22 hours",27815789000,"321 days, 22 hours",27815789000,Accepted-In Progress,Accepted-Wait,Accepted-Assigned,Completed-Closed,,,,,,,,,,,,,,,,,,,,,,,,,,,,,,,
Variant 154,1,8,"1 year, 16 hours",31595226000,"1 year, 16 hours",31595226000,Accepted-In Progress,Queued-Awaiting Assignment,Queued-Awaiting Assignment,Accepted-In Progress,Accepted-Wait,Queued-Awaiting Assignment,Accepted-In Progress,Completed-Closed,,,,,,,,,,,,,,,,,,,,,,,,,,,
Variant 155,1,6,"312 days, 19 hours",27027697000,"312 days, 19 hours",27027697000,Accepted-In Progress,Accepted-In Progress,Accepted-Assigned,Accepted-Assigned,Accepted-In Progress,Completed-Closed,,,,,,,,,,,,,,,,,,,,,,,,,,,,,
Variant 156,1,11,"316 days, 21 hours",27378608000,"316 days, 21 hours",27378608000,Accepted-In Progress,Accepted-Wait,Accepted-Assigned,Accepted-In Progress,Accepted-In Progress,Accepted-Assigned,Accepted-In Progress,Accepted-Wait,Accepted-In Progress,Accepted-Wait,Completed-Closed,,,,,,,,,,,,,,,,,,,,,,,,
Variant 157,1,14,"338 days, 15 hours",29259558000,"338 days, 15 hours",29259558000,Accepted-In Progress,Queued-Awaiting Assignment,Queued-Awaiting Assignment,Queued-Awaiting Assignment,Accepted-In Progress,Accepted-In Progress,Accepted-In Progress,Queued-Awaiting Assignment,Accepted-In Progress,Accepted-Assigned,Accepted-In Progress,Accepted-Assigned,Accepted-In Progress,Completed-Closed,,,,,,,,,,,,,,,,,,,,,
Variant 158,1,9,"358 days, 20 hours",31003239000,"358 days, 20 hours",31003239000,Accepted-In Progress,Accepted-In Progress,Queued-Awaiting Assignment,Accepted-In Progress,Accepted-In Progress,Queued-Awaiting Assignment,Accepted-In Progress,Accepted-Wait,Completed-Closed,,,,,,,,,,,,,,,,,,,,,,,,,,
Variant 159,1,19,"286 days, 20 hours",24784775000,"286 days, 20 hours",24784775000,Accepted-In Progress,Accepted-Wait,Queued-Awaiting Assignment,Accepted-In Progress,Completed-Closed,Accepted-In Progress,Queued-Awaiting Assignment,Accepted-In Progress,Queued-Awaiting Assignment,Accepted-In Progress,Completed-Closed,Accepted-In Progress,Accepted-Wait,Accepted-In Progress,Accepted-Wait,Accepted-In Progress,Accepted-Assigned,Accepted-In Progress,Completed-Closed,,,,,,,,,,,,,,,,
Variant 160,1,7,"252 days, 3 hours",21786083000,"252 days, 3 hours",21786083000,Accepted-In Progress,Queued-Awaiting Assignment,Accepted-In Progress,Accepted-Wait,Accepted-Assigned,Accepted-Wait,Completed-Closed,,,,,,,,,,,,,,,,,,,,,,,,,,,,
Variant 161,1,10,"265 days, 22 hours",22975895000,"265 days, 22 hours",22975895000,Accepted-In Progress,Accepted-In Progress,Accepted-In Progress,Queued-Awaiting Assignment,Queued-Awaiting Assignment,Accepted-In Progress,Accepted-Assigned,Accepted-Wait,Accepted-Wait,Completed-Closed,,,,,,,,,,,,,,,,,,,,,,,,,
Variant 162,1,5,"336 days, 6 hours",29055260000,"336 days, 6 hours",29055260000,Accepted-Assigned,Accepted-Assigned,Accepted-Assigned,Accepted-In Progress,Completed-Closed,,,,,,,,,,,,,,,,,,,,,,,,,,,,,,
Variant 163,1,5,"312 days, 22 hours",27038215000,"312 days, 22 hours",27038215000,Accepted-Wait,Queued-Awaiting Assignment,Accepted-In Progress,Accepted-In Progress,Completed-Closed,,,,,,,,,,,,,,,,,,,,,,,,,,,,,,
Variant 164,1,11,"247 days, 9 hours",21375159000,"247 days, 9 hours",21375159000,Accepted-In Progress,Queued-Awaiting Assignment,Accepted-In Progress,Accepted-Assigned,Queued-Awaiting Assignment,Accepted-Assigned,Queued-Awaiting Assignment,Accepted-In Progress,Accepted-Assigned,Accepted-In Progress,Completed-Closed,,,,,,,,,,,,,,,,,,,,,,,,
Variant 165,1,13,"243 days, 7 hours",21020862000,"243 days, 7 hours",21020862000,Accepted-In Progress,Queued-Awaiting Assignment,Accepted-In Progress,Accepted-Assigned,Accepted-In Progress,Queued-Awaiting Assignment,Accepted-Assigned,Accepted-In Progress,Queued-Awaiting Assignment,Accepted-In Progress,Accepted-Assigned,Accepted-In Progress,Completed-Closed,,,,,,,,,,,,,,,,,,,,,,
Variant 166,1,9,"212 days, 17 hours",18378891000,"212 days, 17 hours",18378891000,Accepted-In Progress,Accepted-Wait,Queued-Awaiting Assignment,Accepted-In Progress,Accepted-In Progress,Accepted-Assigned,Accepted-Assigned,Accepted-In Progress,Completed-Closed,,,,,,,,,,,,,,,,,,,,,,,,,,
Variant 167,1,14,"211 days, 2 hours",18238471000,"211 days, 2 hours",18238471000,Accepted-In Progress,Accepted-Wait,Accepted-In Progress,Queued-Awaiting Assignment,Accepted-In Progress,Queued-Awaiting Assignment,Accepted-In Progress,Queued-Awaiting Assignment,Accepted-In Progress,Queued-Awaiting Assignment,Accepted-In Progress,Accepted-Assigned,Accepted-In Progress,Completed-Closed,,,,,,,,,,,,,,,,,,,,,
Variant 168,1,13,"220 days, 16 hours",19067730000,"220 days, 16 hours",19067730000,Accepted-In Progress,Queued-Awaiting Assignment,Accepted-In Progress,Accepted-Assigned,Queued-Awaiting Assignment,Accepted-Assigned,Accepted-In Progress,Queued-Awaiting Assignment,Queued-Awaiting Assignment,Accepted-In Progress,Accepted-Assigned,Accepted-In Progress,Completed-Closed,,,,,,,,,,,,,,,,,,,,,,
Variant 169,1,7,"195 days, 3 hours",16861385000,"195 days, 3 hours",16861385000,Accepted-In Progress,Queued-Awaiting Assignment,Accepted-Assigned,Queued-Awaiting Assignment,Accepted-Assigned,Accepted-In Progress,Completed-Closed,,,,,,,,,,,,,,,,,,,,,,,,,,,,
Variant 170,1,7,"200 days, 19 hours",17351312000,"200 days, 19 hours",17351312000,Accepted-In Progress,Accepted-Assigned,Accepted-Assigned,Accepted-Assigned,Accepted-In Progress,Accepted-In Progress,Completed-Closed,,,,,,,,,,,,,,,,,,,,,,,,,,,,
Variant 171,1,6,"230 days, 32 mins",19873920000,"230 days, 32 mins",19873920000,Accepted-Assigned,Queued-Awaiting Assignment,Accepted-In Progress,Accepted-Assigned,Accepted-In Progress,Completed-Closed,,,,,,,,,,,,,,,,,,,,,,,,,,,,,
Variant 172,1,6,"206 days, 21 hours",17876490000,"206 days, 21 hours",17876490000,Accepted-In Progress,Accepted-Wait,Accepted-Wait,Accepted-Assigned,Accepted-Wait,Completed-Closed,,,,,,,,,,,,,,,,,,,,,,,,,,,,,
Variant 173,1,11,"282 days, 13 hours",24412622000,"282 days, 13 hours",24412622000,Accepted-In Progress,Queued-Awaiting Assignment,Queued-Awaiting Assignment,Accepted-In Progress,Accepted-Assigned,Accepted-In Progress,Accepted-Assigned,Accepted-Wait,Accepted-Assigned,Accepted-Wait,Completed-Closed,,,,,,,,,,,,,,,,,,,,,,,,
Variant 174,1,7,"211 days, 20 hours",18304482000,"211 days, 20 hours",18304482000,Accepted-In Progress,Accepted-In Progress,Accepted-Assigned,Accepted-In Progress,Accepted-In Progress,Accepted-Wait,Completed-Closed,,,,,,,,,,,,,,,,,,,,,,,,,,,,
Variant 175,1,9,"239 days, 23 hours",20734698000,"239 days, 23 hours",20734698000,Accepted-In Progress,Accepted-In Progress,Queued-Awaiting Assignment,Accepted-In Progress,Accepted-Assigned,Accepted-Assigned,Accepted-Wait,Accepted-In Progress,Completed-Closed,,,,,,,,,,,,,,,,,,,,,,,,,,
Variant 176,1,10,"215 days, 5 hours",18596736000,"215 days, 5 hours",18596736000,Accepted-In Progress,Accepted-In Progress,Queued-Awaiting Assignment,Accepted-Assigned,Accepted-Assigned,Accepted-In Progress,Queued-Awaiting Assignment,Accepted-Assigned,Accepted-In Progress,Completed-Closed,,,,,,,,,,,,,,,,,,,,,,,,,
Variant 177,1,8,"170 days, 17 hours",14750039000,"170 days, 17 hours",14750039000,Accepted-In Progress,Queued-Awaiting Assignment,Accepted-In Progress,Accepted-Assigned,Accepted-In Progress,Accepted-Wait,Accepted-In Progress,Completed-Closed,,,,,,,,,,,,,,,,,,,,,,,,,,,
Variant 178,1,7,"195 days, 14 hours",16898430000,"195 days, 14 hours",16898430000,Accepted-In Progress,Accepted-Assigned,Accepted-Wait,Accepted-Wait,Accepted-Assigned,Accepted-In Progress,Completed-Closed,,,,,,,,,,,,,,,,,,,,,,,,,,,,
Variant 179,1,9,"229 days, 22 hours",19865867000,"229 days, 22 hours",19865867000,Accepted-In Progress,Accepted-Assigned,Accepted-Assigned,Accepted-In Progress,Accepted-In Progress,Accepted-Assigned,Accepted-In Progress,Accepted-Wait,Completed-Closed,,,,,,,,,,,,,,,,,,,,,,,,,,
Variant 180,1,11,"185 days, 6 hours",16006631000,"185 days, 6 hours",16006631000,Accepted-In Progress,Queued-Awaiting Assignment,Accepted-In Progress,Accepted-Assigned,Queued-Awaiting Assignment,Accepted-Assigned,Accepted-In Progress,Accepted-Wait,Queued-Awaiting Assignment,Accepted-In Progress,Completed-Closed,,,,,,,,,,,,,,,,,,,,,,,,
Variant 181,1,8,"258 days, 19 hours",22362706000,"258 days, 19 hours",22362706000,Accepted-In Progress,Accepted-In Progress,Queued-Awaiting Assignment,Accepted-In Progress,Queued-Awaiting Assignment,Accepted-In Progress,Accepted-Wait,Completed-Closed,,,,,,,,,,,,,,,,,,,,,,,,,,,
Variant 182,1,8,"155 days, 9 hours",13425856000,"155 days, 9 hours",13425856000,Accepted-In Progress,Queued-Awaiting Assignment,Queued-Awaiting Assignment,Accepted-In Progress,Accepted-Wait,Accepted-Assigned,Accepted-In Progress,Completed-Closed,,,,,,,,,,,,,,,,,,,,,,,,,,,
Variant 183,1,6,"162 days, 20 hours",14069993000,"162 days, 20 hours",14069993000,Accepted-In Progress,Accepted-In Progress,Queued-Awaiting Assignment,Accepted-In Progress,Accepted-Wait,Completed-Closed,,,,,,,,,,,,,,,,,,,,,,,,,,,,,
Variant 184,1,15,"275 days, 10 hours",23799148000,"275 days, 10 hours",23799148000,Accepted-In Progress,Queued-Awaiting Assignment,Accepted-In Progress,Queued-Awaiting Assignment,Accepted-In Progress,Accepted-Wait,Accepted-In Progress,Accepted-In Progress,Accepted-In Progress,Accepted-In Progress,Accepted-In Progress,Queued-Awaiting Assignment,Accepted-In Progress,Accepted-Wait,Completed-Closed,,,,,,,,,,,,,,,,,,,,
Variant 185,1,4,"153 days, 9 hours",13252040000,"153 days, 9 hours",13252040000,Queued-Awaiting Assignment,Queued-Awaiting Assignment,Accepted-Assigned,Completed-Closed,,,,,,,,,,,,,,,,,,,,,,,,,,,,,,,
Variant 186,1,12,"164 days, 2 hours",14176972000,"164 days, 2 hours",14176972000,Accepted-In Progress,Queued-Awaiting Assignment,Accepted-In Progress,Accepted-In Progress,Queued-Awaiting Assignment,Accepted-In Progress,Queued-Awaiting Assignment,Accepted-In Progress,Queued-Awaiting Assignment,Accepted-In Progress,Accepted-Wait,Completed-Closed,,,,,,,,,,,,,,,,,,,,,,,
Variant 187,1,6,"248 days, 22 hours",21507994000,"248 days, 22 hours",21507994000,Accepted-In Progress,Accepted-Assigned,Accepted-In Progress,Accepted-Wait,Accepted-In Progress,Completed-Closed,,,,,,,,,,,,,,,,,,,,,,,,,,,,,
Variant 188,1,7,"181 days, 1 hour",15644619000,"181 days, 1 hour",15644619000,Accepted-In Progress,Accepted-Wait,Accepted-Assigned,Accepted-Wait,Accepted-Assigned,Accepted-Wait,Completed-Closed,,,,,,,,,,,,,,,,,,,,,,,,,,,,
Variant 189,1,7,"258 days, 4 hours",22308271000,"258 days, 4 hours",22308271000,Accepted-In Progress,Accepted-In Progress,Queued-Awaiting Assignment,Accepted-Assigned,Accepted-In Progress,Accepted-Wait,Completed-Closed,,,,,,,,,,,,,,,,,,,,,,,,,,,,
Variant 190,1,9,"198 days, 22 hours",17187475000,"198 days, 22 hours",17187475000,Accepted-In Progress,Accepted-In Progress,Accepted-Assigned,Accepted-In Progress,Accepted-Assigned,Accepted-Assigned,Accepted-Assigned,Accepted-In Progress,Completed-Closed,,,,,,,,,,,,,,,,,,,,,,,,,,
Variant 191,1,8,"138 days, 6 hours",11945550000,"138 days, 6 hours",11945550000,Accepted-In Progress,Accepted-Assigned,Accepted-Assigned,Accepted-Assigned,Accepted-Assigned,Accepted-Assigned,Accepted-In Progress,Completed-Closed,,,,,,,,,,,,,,,,,,,,,,,,,,,
Variant 192,1,10,"111 days, 3 hours",9603496000,"111 days, 3 hours",9603496000,Accepted-In Progress,Queued-Awaiting Assignment,Accepted-In Progress,Queued-Awaiting Assignment,Accepted-In Progress,Accepted-Assigned,Queued-Awaiting Assignment,Accepted-In Progress,Accepted-In Progress,Completed-Closed,,,,,,,,,,,,,,,,,,,,,,,,,
Variant 193,1,5,"110 days, 22 hours",9585262000,"110 days, 22 hours",9585262000,Accepted-In Progress,Completed-Cancelled,Accepted-In Progress,Accepted-Assigned,Completed-Closed,,,,,,,,,,,,,,,,,,,,,,,,,,,,,,
Variant 194,1,7,"118 days, 8 hours",10226924000,"118 days, 8 hours",10226924000,Accepted-In Progress,Queued-Awaiting Assignment,Queued-Awaiting Assignment,Accepted-Assigned,Accepted-Wait,Accepted-In Progress,Completed-Closed,,,,,,,,,,,,,,,,,,,,,,,,,,,,
Variant 195,1,14,"123 days, 21 hours",10706312000,"123 days, 21 hours",10706312000,Accepted-In Progress,Queued-Awaiting Assignment,Queued-Awaiting Assignment,Queued-Awaiting Assignment,Queued-Awaiting Assignment,Accepted-Assigned,Accepted-In Progress,Queued-Awaiting Assignment,Queued-Awaiting Assignment,Queued-Awaiting Assignment,Accepted-In Progress,Accepted-Wait,Accepted-Wait,Completed-Closed,,,,,,,,,,,,,,,,,,,,,
Variant 196,1,9,"114 days, 23 mins",9851031000,"114 days, 23 mins",9851031000,Queued-Awaiting Assignment,Accepted-In Progress,Queued-Awaiting Assignment,Accepted-In Progress,Accepted-Wait,Accepted-In Progress,Accepted-Wait,Accepted-In Progress,Completed-Closed,,,,,,,,,,,,,,,,,,,,,,,,,,
Variant 197,1,12,"239 days, 8 hours",20680404000,"239 days, 8 hours",20680404000,Accepted-In Progress,Queued-Awaiting Assignment,Queued-Awaiting Assignment,Queued-Awaiting Assignment,Queued-Awaiting Assignment,Queued-Awaiting Assignment,Accepted-Assigned,Accepted-In Progress,Queued-Awaiting Assignment,Accepted-In Progress,Accepted-In Progress,Completed-Closed,,,,,,,,,,,,,,,,,,,,,,,
Variant 198,1,7,"141 days, 7 hours",12207696000,"141 days, 7 hours",12207696000,Accepted-In Progress,Queued-Awaiting Assignment,Accepted-In Progress,Queued-Awaiting Assignment,Queued-Awaiting Assignment,Accepted-In Progress,Completed-Closed,,,,,,,,,,,,,,,,,,,,,,,,,,,,
Variant 199,1,7,"154 days, 4 hours",13322862000,"154 days, 4 hours",13322862000,Accepted-In Progress,Accepted-In Progress,Queued-Awaiting Assignment,Accepted-Assigned,Accepted-Assigned,Accepted-In Progress,Completed-Closed,,,,,,,,,,,,,,,,,,,,,,,,,,,,
Variant 200,1,15,"206 days, 22 hours",17877858000,"206 days, 22 hours",17877858000,Accepted-In Progress,Queued-Awaiting Assignment,Accepted-In Progress,Accepted-Wait,Queued-Awaiting Assignment,Accepted-Assigned,Queued-Awaiting Assignment,Accepted-In Progress,Accepted-Wait,Accepted-Assigned,Accepted-Wait,Queued-Awaiting Assignment,Accepted-In Progress,Accepted-Wait,Completed-Closed,,,,,,,,,,,,,,,,,,,,
Variant 201,1,6,"167 days, 20 hours",14503030000,"167 days, 20 hours",14503030000,Accepted-In Progress,Queued-Awaiting Assignment,Queued-Awaiting Assignment,Accepted-Assigned,Accepted-In Progress,Completed-Closed,,,,,,,,,,,,,,,,,,,,,,,,,,,,,
Variant 202,1,15,"89 days, 8 hours",7720608000,"89 days, 8 hours",7720608000,Accepted-In Progress,Queued-Awaiting Assignment,Accepted-In Progress,Queued-Awaiting Assignment,Accepted-In Progress,Accepted-Wait,Queued-Awaiting Assignment,Accepted-In Progress,Queued-Awaiting Assignment,Accepted-In Progress,Completed-Closed,Accepted-In Progress,Accepted-In Progress,Accepted-In Progress,Completed-Closed,,,,,,,,,,,,,,,,,,,,
Variant 203,1,5,"114 days, 9 mins",9850195000,"114 days, 9 mins",9850195000,Accepted-In Progress,Accepted-Wait,Queued-Awaiting Assignment,Accepted-In Progress,Completed-Closed,,,,,,,,,,,,,,,,,,,,,,,,,,,,,,
Variant 204,1,6,"210 days, 22 hours",18224548000,"210 days, 22 hours",18224548000,Accepted-In Progress,Accepted-Assigned,Accepted-Assigned,Accepted-Wait,Accepted-In Progress,Completed-Closed,,,,,,,,,,,,,,,,,,,,,,,,,,,,,
Variant 205,1,13,"152 days, 23 hours",13216615000,"152 days, 23 hours",13216615000,Accepted-In Progress,Accepted-Wait,Completed-Closed,Accepted-In Progress,Queued-Awaiting Assignment,Queued-Awaiting Assignment,Accepted-In Progress,Accepted-In Progress,Accepted-Assigned,Queued-Awaiting Assignment,Queued-Awaiting Assignment,Accepted-In Progress,Completed-Closed,,,,,,,,,,,,,,,,,,,,,,
Variant 206,1,8,"166 days, 14 hours",14396015000,"166 days, 14 hours",14396015000,Accepted-In Progress,Queued-Awaiting Assignment,Accepted-In Progress,Accepted-Wait,Accepted-In Progress,Accepted-Assigned,Accepted-In Progress,Completed-Closed,,,,,,,,,,,,,,,,,,,,,,,,,,,
Variant 207,1,6,"161 days, 4 hours",13925813000,"161 days, 4 hours",13925813000,Accepted-In Progress,Queued-Awaiting Assignment,Accepted-Assigned,Accepted-In Progress,Accepted-Wait,Completed-Closed,,,,,,,,,,,,,,,,,,,,,,,,,,,,,
Variant 208,1,6,"80 days, 21 hours",6987847000,"80 days, 21 hours",6987847000,Accepted-In Progress,Queued-Awaiting Assignment,Queued-Awaiting Assignment,Accepted-In Progress,Accepted-Wait,Completed-Closed,,,,,,,,,,,,,,,,,,,,,,,,,,,,,
Variant 209,1,6,"175 days, 23 hours",15204484000,"175 days, 23 hours",15204484000,Queued-Awaiting Assignment,Accepted-In Progress,Queued-Awaiting Assignment,Accepted-In Progress,Accepted-In Progress,Completed-Closed,,,,,,,,,,,,,,,,,,,,,,,,,,,,,
Variant 210,1,6,"82 days, 22 hours",7164470000,"82 days, 22 hours",7164470000,Accepted-In Progress,Accepted-Wait,Accepted-In Progress,Accepted-Wait,Accepted-In Progress,Completed-Closed,,,,,,,,,,,,,,,,,,,,,,,,,,,,,
Variant 211,1,7,"155 days, 12 hours",13436164000,"155 days, 12 hours",13436164000,Accepted-Wait,Accepted-In Progress,Accepted-Wait,Queued-Awaiting Assignment,Queued-Awaiting Assignment,Accepted-In Progress,Completed-Closed,,,,,,,,,,,,,,,,,,,,,,,,,,,,
Variant 212,1,6,"123 days, 19 hours",10697072000,"123 days, 19 hours",10697072000,Accepted-In Progress,Queued-Awaiting Assignment,Accepted-In Progress,Accepted-In Progress,Accepted-Wait,Completed-Closed,,,,,,,,,,,,,,,,,,,,,,,,,,,,,
Variant 213,1,7,"132 days, 23 hours",11490549000,"132 days, 23 hours",11490549000,Accepted-In Progress,Accepted-In Progress,Accepted-In Progress,Accepted-Wait,Queued-Awaiting Assignment,Accepted-In Progress,Completed-Closed,,,,,,,,,,,,,,,,,,,,,,,,,,,,
Variant 214,1,4,"66 days, 2 hours",5712222000,"66 days, 2 hours",5712222000,Queued-Awaiting Assignment,Accepted-Assigned,Accepted-In Progress,Completed-Closed,,,,,,,,,,,,,,,,,,,,,,,,,,,,,,,
Variant 215,1,15,"86 days, 4 hours",7444906000,"86 days, 4 hours",7444906000,Accepted-In Progress,Queued-Awaiting Assignment,Accepted-In Progress,Queued-Awaiting Assignment,Queued-Awaiting Assignment,Accepted-In Progress,Accepted-In Progress,Queued-Awaiting Assignment,Accepted-Assigned,Queued-Awaiting Assignment,Accepted-In Progress,Accepted-In Progress,Queued-Awaiting Assignment,Accepted-In Progress,Completed-Closed,,,,,,,,,,,,,,,,,,,,
Variant 216,1,5,"147 days, 4 hours",12715384000,"147 days, 4 hours",12715384000,Accepted-Wait,Queued-Awaiting Assignment,Accepted-In Progress,Accepted-Wait,Completed-Closed,,,,,,,,,,,,,,,,,,,,,,,,,,,,,,
Variant 217,1,19,"77 days, 13 hours",6700823000,"77 days, 13 hours",6700823000,Accepted-In Progress,Queued-Awaiting Assignment,Accepted-In Progress,Queued-Awaiting Assignment,Accepted-In Progress,Accepted-Wait,Accepted-In Progress,Queued-Awaiting Assignment,Accepted-In Progress,Accepted-Assigned,Accepted-In Progress,Completed-Closed,Accepted-In Progress,Queued-Awaiting Assignment,Accepted-In Progress,Accepted-Assigned,Queued-Awaiting Assignment,Accepted-In Progress,Completed-Closed,,,,,,,,,,,,,,,,
Variant 218,1,6,"202 days, 23 hours",17537148000,"202 days, 23 hours",17537148000,Accepted-In Progress,Accepted-Wait,Accepted-Assigned,Accepted-Assigned,Accepted-Wait,Completed-Closed,,,,,,,,,,,,,,,,,,,,,,,,,,,,,
Variant 219,1,8,"56 days, 21 hours",4915713000,"56 days, 21 hours",4915713000,Accepted-In Progress,Queued-Awaiting Assignment,Accepted-In Progress,Queued-Awaiting Assignment,Accepted-In Progress,Queued-Awaiting Assignment,Accepted-In Progress,Completed-Closed,,,,,,,,,,,,,,,,,,,,,,,,,,,
Variant 220,1,7,"155 days, 22 hours",13472957000,"155 days, 22 hours",13472957000,Accepted-In Progress,Accepted-Assigned,Accepted-Wait,Accepted-Assigned,Accepted-In Progress,Accepted-Wait,Completed-Closed,,,,,,,,,,,,,,,,,,,,,,,,,,,,
Variant 221,1,7,"108 days, 8 hours",9361773000,"108 days, 8 hours",9361773000,Accepted-In Progress,Queued-Awaiting Assignment,Queued-Awaiting Assignment,Queued-Awaiting Assignment,Accepted-In Progress,Accepted-Wait,Completed-Closed,,,,,,,,,,,,,,,,,,,,,,,,,,,,
Variant 222,1,6,"89 days, 12 hours",7736131000,"89 days, 12 hours",7736131000,Queued-Awaiting Assignment,Queued-Awaiting Assignment,Accepted-In Progress,Accepted-Wait,Accepted-In Progress,Completed-Closed,,,,,,,,,,,,,,,,,,,,,,,,,,,,,
Variant 223,1,8,"113 days, 15 hours",9817666000,"113 days, 15 hours",9817666000,Accepted-In Progress,Accepted-In Progress,Accepted-Wait,Queued-Awaiting Assignment,Accepted-In Progress,Queued-Awaiting Assignment,Accepted-In Progress,Completed-Closed,,,,,,,,,,,,,,,,,,,,,,,,,,,
Variant 224,1,8,"111 days, 23 hours",9674064000,"111 days, 23 hours",9674064000,Accepted-In Progress,Accepted-Wait,Queued-Awaiting Assignment,Queued-Awaiting Assignment,Accepted-In Progress,Accepted-Wait,Accepted-In Progress,Completed-Closed,,,,,,,,,,,,,,,,,,,,,,,,,,,
Variant 225,1,7,"115 days, 17 hours",9997468000,"115 days, 17 hours",9997468000,Accepted-In Progress,Accepted-In Progress,Accepted-Wait,Accepted-Assigned,Accepted-In Progress,Accepted-Assigned,Completed-Closed,,,,,,,,,,,,,,,,,,,,,,,,,,,,
Variant 226,1,7,"106 days, 2 hours",9166921000,"106 days, 2 hours",9166921000,Accepted-In Progress,Completed-Closed,Accepted-In Progress,Accepted-Wait,Queued-Awaiting Assignment,Accepted-In Progress,Completed-Closed,,,,,,,,,,,,,,,,,,,,,,,,,,,,
Variant 227,1,7,"76 days, 18 hours",6633455000,"76 days, 18 hours",6633455000,Accepted-In Progress,Accepted-Wait,Queued-Awaiting Assignment,Accepted-Assigned,Accepted-In Progress,Accepted-In Progress,Completed-Closed,,,,,,,,,,,,,,,,,,,,,,,,,,,,
Variant 228,1,35,"118 days, 22 hours",10275046000,"118 days, 22 hours",10275046000,Accepted-In Progress,Accepted-Wait,Accepted-In Progress,Accepted-Wait,Accepted-In Progress,Accepted-Wait,Accepted-In Progress,Accepted-Wait,Accepted-In Progress,Accepted-Wait,Accepted-In Progress,Accepted-Wait,Accepted-In Progress,Accepted-Wait,Accepted-In Progress,Accepted-Wait,Accepted-In Progress,Accepted-Wait,Accepted-In Progress,Accepted-In Progress,Queued-Awaiting Assignment,Accepted-In Progress,Queued-Awaiting Assignment,Accepted-In Progress,Accepted-Wait,Queued-Awaiting Assignment,Accepted-In Progress,Accepted-Wait,Queued-Awaiting Assignment,Queued-Awaiting Assignment,Accepted-In Progress,Queued-Awaiting Assignment,Accepted-In Progress,Accepted-In Progress,Completed-Closed
Variant 229,1,8,"85 days, 58 mins",7347490000,"85 days, 58 mins",7347490000,Accepted-In Progress,Accepted-Assigned,Accepted-In Progress,Accepted-Wait,Accepted-In Progress,Accepted-Assigned,Accepted-In Progress,Completed-Closed,,,,,,,,,,,,,,,,,,,,,,,,,,,
Variant 230,1,9,"48 days, 15 hours",4203420000,"48 days, 15 hours",4203420000,Accepted-In Progress,Queued-Awaiting Assignment,Accepted-In Progress,Accepted-Wait,Queued-Awaiting Assignment,Accepted-In Progress,Completed-Closed,Accepted-In Progress,Completed-Closed,,,,,,,,,,,,,,,,,,,,,,,,,,
Variant 231,1,9,"81 days, 3 hours",7009894000,"81 days, 3 hours",7009894000,Accepted-In Progress,Queued-Awaiting Assignment,Accepted-In Progress,Accepted-Assigned,Accepted-In Progress,Accepted-In Progress,Accepted-Assigned,Accepted-In Progress,Completed-Closed,,,,,,,,,,,,,,,,,,,,,,,,,,
Variant 232,1,18,"94 days, 3 hours",8134270000,"94 days, 3 hours",8134270000,Accepted-In Progress,Queued-Awaiting Assignment,Accepted-In Progress,Queued-Awaiting Assignment,Accepted-In Progress,Queued-Awaiting Assignment,Accepted-In Progress,Accepted-Wait,Queued-Awaiting Assignment,Accepted-In Progress,Queued-Awaiting Assignment,Accepted-In Progress,Queued-Awaiting Assignment,Accepted-In Progress,Accepted-Assigned,Accepted-In Progress,Accepted-Wait,Completed-Closed,,,,,,,,,,,,,,,,,
Variant 233,1,7,"179 days, 1 min",15465714000,"179 days, 1 min",15465714000,Queued-Awaiting Assignment,Accepted-In Progress,Queued-Awaiting Assignment,Accepted-In Progress,Accepted-Wait,Accepted-Wait,Completed-Closed,,,,,,,,,,,,,,,,,,,,,,,,,,,,
Variant 234,1,10,"42 days, 8 hours",3659342000,"42 days, 8 hours",3659342000,Accepted-In Progress,Queued-Awaiting Assignment,Accepted-In Progress,Queued-Awaiting Assignment,Accepted-In Progress,Accepted-In Progress,Queued-Awaiting Assignment,Accepted-In Progress,Accepted-Wait,Completed-Closed,,,,,,,,,,,,,,,,,,,,,,,,,
Variant 235,1,11,"37 days, 21 hours",3272493000,"37 days, 21 hours",3272493000,Queued-Awaiting Assignment,Accepted-In Progress,Queued-Awaiting Assignment,Accepted-In Progress,Accepted-Assigned,Accepted-In Progress,Queued-Awaiting Assignment,Accepted-In Progress,Queued-Awaiting Assignment,Accepted-In Progress,Completed-Closed,,,,,,,,,,,,,,,,,,,,,,,,
Variant 236,1,9,"58 days, 7 hours",5039383000,"58 days, 7 hours",5039383000,Accepted-In Progress,Queued-Awaiting Assignment,Accepted-In Progress,Completed-Closed,Accepted-In Progress,Accepted-Assigned,Accepted-Assigned,Accepted-In Progress,Completed-Closed,,,,,,,,,,,,,,,,,,,,,,,,,,
Variant 237,1,7,"60 days, 23 hours",5269046000,"60 days, 23 hours",5269046000,Accepted-In Progress,Queued-Awaiting Assignment,Accepted-In Progress,Queued-Awaiting Assignment,Accepted-In Progress,Accepted-Assigned,Completed-Closed,,,,,,,,,,,,,,,,,,,,,,,,,,,,
Variant 238,1,6,"140 days, 12 hours",12142540000,"140 days, 12 hours",12142540000,Accepted-In Progress,Accepted-In Progress,Queued-Awaiting Assignment,Accepted-Assigned,Accepted-Wait,Completed-Closed,,,,,,,,,,,,,,,,,,,,,,,,,,,,,
Variant 239,1,9,"70 days, 1 hour",6054864000,"70 days, 1 hour",6054864000,Accepted-In Progress,Completed-Closed,Accepted-In Progress,Accepted-In Progress,Completed-Closed,Accepted-In Progress,Completed-Closed,Accepted-In Progress,Completed-Closed,,,,,,,,,,,,,,,,,,,,,,,,,,
Variant 240,1,8,"133 days, 4 hours",11508976000,"133 days, 4 hours",11508976000,Accepted-In Progress,Queued-Awaiting Assignment,Queued-Awaiting Assignment,Accepted-Assigned,Accepted-Assigned,Queued-Awaiting Assignment,Accepted-In Progress,Completed-Closed,,,,,,,,,,,,,,,,,,,,,,,,,,,
Variant 241,1,17,"79 days, 22 hours",6905724000,"79 days, 22 hours",6905724000,Accepted-In Progress,Accepted-In Progress,Accepted-In Progress,Queued-Awaiting Assignment,Accepted-In Progress,Queued-Awaiting Assignment,Accepted-In Progress,Accepted-Wait,Accepted-Assigned,Queued-Awaiting Assignment,Accepted-In Progress,Accepted-In Progress,Accepted-Wait,Accepted-In Progress,Queued-Awaiting Assignment,Accepted-In Progress,Completed-Closed,,,,,,,,,,,,,,,,,,
Variant 242,1,13,"65 days, 46 mins",5618774000,"65 days, 46 mins",5618774000,Accepted-In Progress,Queued-Awaiting Assignment,Accepted-In Progress,Queued-Awaiting Assignment,Accepted-In Progress,Completed-Closed,Accepted-In Progress,Accepted-Assigned,Accepted-Wait,Completed-Closed,Accepted-In Progress,Accepted-Wait,Completed-Closed,,,,,,,,,,,,,,,,,,,,,,
Variant 243,1,11,"90 days, 23 hours",7860314000,"90 days, 23 hours",7860314000,Accepted-In Progress,Accepted-Wait,Queued-Awaiting Assignment,Accepted-In Progress,Queued-Awaiting Assignment,Accepted-In Progress,Accepted-In Progress,Accepted-Wait,Completed-Closed,Accepted-In Progress,Completed-Closed,,,,,,,,,,,,,,,,,,,,,,,,
Variant 244,1,6,"160 days, 9 hours",13857448000,"160 days, 9 hours",13857448000,Accepted-In Progress,Accepted-In Progress,Accepted-Wait,Completed-Closed,Accepted-In Progress,Completed-Closed,,,,,,,,,,,,,,,,,,,,,,,,,,,,,
Variant 245,1,6,"140 days, 2 hours",12104288000,"140 days, 2 hours",12104288000,Accepted-In Progress,Accepted-Wait,Accepted-In Progress,Accepted-In Progress,Accepted-In Progress,Completed-Closed,,,,,,,,,,,,,,,,,,,,,,,,,,,,,
Variant 246,1,7,"51 days, 1 hour",4411353000,"51 days, 1 hour",4411353000,Accepted-In Progress,Completed-Closed,Accepted-In Progress,Accepted-Wait,Accepted-In Progress,Accepted-Wait,Completed-Closed,,,,,,,,,,,,,,,,,,,,,,,,,,,,
Variant 247,1,7,"137 days, 9 hours",11869850000,"137 days, 9 hours",11869850000,Accepted-In Progress,Accepted-In Progress,Accepted-Assigned,Accepted-In Progress,Accepted-Wait,Accepted-In Progress,Completed-Closed,,,,,,,,,,,,,,,,,,,,,,,,,,,,
Variant 248,1,9,"80 days, 9 hours",6944894000,"80 days, 9 hours",6944894000,Accepted-In Progress,Accepted-Wait,Accepted-Wait,Queued-Awaiting Assignment,Accepted-In Progress,Accepted-Wait,Queued-Awaiting Assignment,Accepted-In Progress,Completed-Closed,,,,,,,,,,,,,,,,,,,,,,,,,,
Variant 249,1,11,"25 days, 23 hours",2245316000,"25 days, 23 hours",2245316000,Accepted-In Progress,Queued-Awaiting Assignment,Accepted-In Progress,Queued-Awaiting Assignment,Queued-Awaiting Assignment,Accepted-In Progress,Queued-Awaiting Assignment,Accepted-In Progress,Queued-Awaiting Assignment,Accepted-In Progress,Completed-Closed,,,,,,,,,,,,,,,,,,,,,,,,
Variant 250,1,6,"82 days, 45 mins",7087548000,"82 days, 45 mins",7087548000,Accepted-In Progress,Accepted-Wait,Queued-Awaiting Assignment,Accepted-Assigned,Accepted-Wait,Completed-Closed,,,,,,,,,,,,,,,,,,,,,,,,,,,,,
Variant 251,1,4,"8 days, 4 hours",706239000,"8 days, 4 hours",706239000,Accepted-Assigned,Accepted-Assigned,Accepted-In Progress,Completed-Closed,,,,,,,,,,,,,,,,,,,,,,,,,,,,,,,
Variant 252,1,19,"31 days, 1 hour",2683126000,"31 days, 1 hour",2683126000,Accepted-In Progress,Accepted-In Progress,Accepted-In Progress,Queued-Awaiting Assignment,Accepted-In Progress,Queued-Awaiting Assignment,Accepted-In Progress,Completed-Closed,Accepted-In Progress,Queued-Awaiting Assignment,Accepted-In Progress,Accepted-In Progress,Completed-Closed,Accepted-In Progress,Accepted-Assigned,Accepted-In Progress,Completed-Closed,Accepted-In Progress,Completed-Closed,,,,,,,,,,,,,,,,
Variant 253,1,7,"84 days, 3 hours",7270019000,"84 days, 3 hours",7270019000,Accepted-In Progress,Accepted-Assigned,Accepted-In Progress,Accepted-In Progress,Completed-Closed,Accepted-In Progress,Completed-Closed,,,,,,,,,,,,,,,,,,,,,,,,,,,,
Variant 254,1,9,"96 days, 15 hours",8349154000,"96 days, 15 hours",8349154000,Accepted-In Progress,Completed-Closed,Accepted-In Progress,Accepted-Wait,Queued-Awaiting Assignment,Accepted-In Progress,Accepted-Assigned,Accepted-In Progress,Completed-Closed,,,,,,,,,,,,,,,,,,,,,,,,,,
Variant 255,1,8,"41 days, 2 hours",3550671000,"41 days, 2 hours",3550671000,Accepted-In Progress,Queued-Awaiting Assignment,Accepted-In Progress,Completed-Closed,Accepted-In Progress,Queued-Awaiting Assignment,Accepted-In Progress,Completed-Closed,,,,,,,,,,,,,,,,,,,,,,,,,,,
Variant 256,1,6,"18 hours, 30 mins",66629000,"18 hours, 30 mins",66629000,Accepted-In Progress,Queued-Awaiting Assignment,Accepted-In Progress,Completed-Closed,Accepted-In Progress,Completed-Closed,,,,,,,,,,,,,,,,,,,,,,,,,,,,,
Variant 257,1,10,"17 days, 11 hours",1510736000,"17 days, 11 hours",1510736000,Accepted-In Progress,Accepted-In Progress,Queued-Awaiting Assignment,Accepted-In Progress,Completed-Cancelled,Accepted-In Progress,Queued-Awaiting Assignment,Accepted-In Progress,Accepted-Wait,Completed-Closed,,,,,,,,,,,,,,,,,,,,,,,,,
Variant 258,1,6,"136 days, 1 hour",11755549000,"136 days, 1 hour",11755549000,Accepted-In Progress,Accepted-In Progress,Queued-Awaiting Assignment,Accepted-Assigned,Accepted-In Progress,Completed-Closed,,,,,,,,,,,,,,,,,,,,,,,,,,,,,
Variant 259,1,9,"71 days, 15 hours",6190085000,"71 days, 15 hours",6190085000,Accepted-In Progress,Queued-Awaiting Assignment,Accepted-In Progress,Accepted-Wait,Accepted-Assigned,Queued-Awaiting Assignment,Accepted-Assigned,Accepted-In Progress,Completed-Closed,,,,,,,,,,,,,,,,,,,,,,,,,,
Variant 260,1,5,"66 days, 21 hours",5779954000,"66 days, 21 hours",5779954000,Accepted-In Progress,Accepted-In Progress,Accepted-Wait,Accepted-Assigned,Completed-Closed,,,,,,,,,,,,,,,,,,,,,,,,,,,,,,
Variant 261,1,13,"18 days, 20 hours",1628251000,"18 days, 20 hours",1628251000,Accepted-In Progress,Queued-Awaiting Assignment,Accepted-In Progress,Queued-Awaiting Assignment,Accepted-In Progress,Queued-Awaiting Assignment,Accepted-In Progress,Queued-Awaiting Assignment,Queued-Awaiting Assignment,Accepted-In Progress,Queued-Awaiting Assignment,Accepted-In Progress,Completed-Closed,,,,,,,,,,,,,,,,,,,,,,
Variant 262,1,11,"33 days, 10 hours",2889033000,"33 days, 10 hours",2889033000,Accepted-In Progress,Queued-Awaiting Assignment,Accepted-In Progress,Queued-Awaiting Assignment,Accepted-In Progress,Queued-Awaiting Assignment,Accepted-In Progress,Queued-Awaiting Assignment,Accepted-In Progress,Accepted-Assigned,Completed-Closed,,,,,,,,,,,,,,,,,,,,,,,,
Variant 263,1,8,"59 days, 15 mins",5098505000,"59 days, 15 mins",5098505000,Accepted-In Progress,Completed-Closed,Accepted-In Progress,Completed-Closed,Accepted-In Progress,Completed-Closed,Accepted-In Progress,Completed-Closed,,,,,,,,,,,,,,,,,,,,,,,,,,,
Variant 264,1,7,"29 days, 23 hours",2590479000,"29 days, 23 hours",2590479000,Accepted-In Progress,Accepted-Wait,Accepted-In Progress,Completed-Closed,Accepted-In Progress,Accepted-Wait,Completed-Closed,,,,,,,,,,,,,,,,,,,,,,,,,,,,
Variant 265,1,12,"77 days, 4 hours",6669876000,"77 days, 4 hours",6669876000,Accepted-In Progress,Queued-Awaiting Assignment,Accepted-In Progress,Queued-Awaiting Assignment,Accepted-In Progress,Accepted-Assigned,Queued-Awaiting Assignment,Accepted-In Progress,Accepted-Assigned,Accepted-In Progress,Accepted-In Progress,Completed-Closed,,,,,,,,,,,,,,,,,,,,,,,
Variant 266,1,12,"36 days, 23 hours",3193338000,"36 days, 23 hours",3193338000,Accepted-In Progress,Queued-Awaiting Assignment,Accepted-In Progress,Accepted-Assigned,Accepted-In Progress,Completed-Closed,Accepted-In Progress,Queued-Awaiting Assignment,Accepted-In Progress,Completed-Closed,Accepted-In Progress,Completed-Closed,,,,,,,,,,,,,,,,,,,,,,,
Variant 267,1,9,"77 days, 4 hours",6668733000,"77 days, 4 hours",6668733000,Accepted-In Progress,Accepted-Wait,Queued-Awaiting Assignment,Accepted-In Progress,Accepted-In Progress,Queued-Awaiting Assignment,Accepted-In Progress,Accepted-Wait,Completed-Closed,,,,,,,,,,,,,,,,,,,,,,,,,,
Variant 268,1,7,"62 days, 6 hours",5379635000,"62 days, 6 hours",5379635000,Accepted-In Progress,Accepted-Assigned,Accepted-Wait,Accepted-In Progress,Queued-Awaiting Assignment,Accepted-In Progress,Completed-Closed,,,,,,,,,,,,,,,,,,,,,,,,,,,,
Variant 269,1,9,"22 days, 19 hours",1972101000,"22 days, 19 hours",1972101000,Accepted-In Progress,Accepted-Wait,Accepted-In Progress,Accepted-Wait,Queued-Awaiting Assignment,Accepted-In Progress,Accepted-Assigned,Accepted-Assigned,Completed-Closed,,,,,,,,,,,,,,,,,,,,,,,,,,
Variant 270,1,12,"44 days, 3 hours",3815313000,"44 days, 3 hours",3815313000,Accepted-In Progress,Accepted-Wait,Queued-Awaiting Assignment,Accepted-Assigned,Accepted-In Progress,Accepted-In Progress,Accepted-In Progress,Completed-Closed,Accepted-In Progress,Completed-Closed,Accepted-In Progress,Completed-Closed,,,,,,,,,,,,,,,,,,,,,,,
Variant 271,1,7,"56 days, 22 hours",4919402000,"56 days, 22 hours",4919402000,Accepted-In Progress,Accepted-Wait,Queued-Awaiting Assignment,Accepted-In Progress,Queued-Awaiting Assignment,Accepted-In Progress,Completed-Closed,,,,,,,,,,,,,,,,,,,,,,,,,,,,
Variant 272,1,3,"2 days, 3 hours",184036000,"2 days, 3 hours",184036000,Accepted-Assigned,Accepted-Wait,Completed-Closed,,,,,,,,,,,,,,,,,,,,,,,,,,,,,,,,
Variant 273,1,5,"18 hours, 53 mins",68006000,"18 hours, 53 mins",68006000,Accepted-Wait,Queued-Awaiting Assignment,Queued-Awaiting Assignment,Accepted-In Progress,Completed-Closed,,,,,,,,,,,,,,,,,,,,,,,,,,,,,,
Variant 274,1,14,"84 days, 22 hours",7340172000,"84 days, 22 hours",7340172000,Accepted-In Progress,Queued-Awaiting Assignment,Accepted-In Progress,Accepted-Assigned,Queued-Awaiting Assignment,Accepted-In Progress,Accepted-Assigned,Accepted-Assigned,Queued-Awaiting Assignment,Accepted-In Progress,Accepted-Wait,Accepted-Assigned,Accepted-In Progress,Completed-Closed,,,,,,,,,,,,,,,,,,,,,
Variant 275,1,11,"28 days, 7 hours",2445188000,"28 days, 7 hours",2445188000,Accepted-In Progress,Queued-Awaiting Assignment,Accepted-In Progress,Accepted-Assigned,Queued-Awaiting Assignment,Accepted-In Progress,Accepted-Assigned,Accepted-In Progress,Accepted-Assigned,Accepted-In Progress,Completed-Closed,,,,,,,,,,,,,,,,,,,,,,,,
Variant 276,1,9,"103 days, 2 hours",8907007000,"103 days, 2 hours",8907007000,Accepted-In Progress,Queued-Awaiting Assignment,Accepted-In Progress,Accepted-Wait,Queued-Awaiting Assignment,Accepted-In Progress,Accepted-Assigned,Accepted-In Progress,Completed-Closed,,,,,,,,,,,,,,,,,,,,,,,,,,
Variant 277,1,28,"79 days, 18 hours",6892151000,"79 days, 18 hours",6892151000,Accepted-In Progress,Queued-Awaiting Assignment,Accepted-In Progress,Queued-Awaiting Assignment,Accepted-In Progress,Queued-Awaiting Assignment,Accepted-In Progress,Queued-Awaiting Assignment,Accepted-In Progress,Queued-Awaiting Assignment,Accepted-In Progress,Queued-Awaiting Assignment,Accepted-In Progress,Queued-Awaiting Assignment,Accepted-In Progress,Queued-Awaiting Assignment,Accepted-In Progress,Accepted-In Progress,Queued-Awaiting Assignment,Queued-Awaiting Assignment,Accepted-In Progress,Accepted-In Progress,Accepted-In Progress,Accepted-In Progress,Queued-Awaiting Assignment,Queued-Awaiting Assignment,Accepted-In Progress,Completed-Closed,,,,,,,
Variant 278,1,10,"65 days, 23 hours",5700858000,"65 days, 23 hours",5700858000,Queued-Awaiting Assignment,Accepted-In Progress,Queued-Awaiting Assignment,Queued-Awaiting Assignment,Accepted-Assigned,Queued-Awaiting Assignment,Accepted-Assigned,Queued-Awaiting Assignment,Accepted-In Progress,Completed-Closed,,,,,,,,,,,,,,,,,,,,,,,,,
Variant 279,1,9,"7 days, 21 hours",682314000,"7 days, 21 hours",682314000,Accepted-In Progress,Accepted-In Progress,Queued-Awaiting Assignment,Accepted-In Progress,Completed-Closed,Accepted-In Progress,Completed-Closed,Accepted-In Progress,Completed-Closed,,,,,,,,,,,,,,,,,,,,,,,,,,
Variant 280,1,7,"60 days, 22 hours",5263730000,"60 days, 22 hours",5263730000,Queued-Awaiting Assignment,Accepted-In Progress,Accepted-In Progress,Accepted-Assigned,Accepted-Assigned,Accepted-In Progress,Completed-Closed,,,,,,,,,,,,,,,,,,,,,,,,,,,,
Variant 281,1,9,"48 days, 17 hours",4211002000,"48 days, 17 hours",4211002000,Queued-Awaiting Assignment,Accepted-In Progress,Accepted-In Progress,Queued-Awaiting Assignment,Queued-Awaiting Assignment,Accepted-In Progress,Completed-Cancelled,Accepted-In Progress,Completed-Closed,,,,,,,,,,,,,,,,,,,,,,,,,,
Variant 282,1,13,"51 days, 19 hours",4478032000,"51 days, 19 hours",4478032000,Accepted-In Progress,Queued-Awaiting Assignment,Queued-Awaiting Assignment,Accepted-In Progress,Queued-Awaiting Assignment,Accepted-In Progress,Queued-Awaiting Assignment,Accepted-In Progress,Queued-Awaiting Assignment,Accepted-In Progress,Queued-Awaiting Assignment,Accepted-In Progress,Completed-Closed,,,,,,,,,,,,,,,,,,,,,,
Variant 283,1,7,"16 days, 8 hours",1412494000,"16 days, 8 hours",1412494000,Accepted-In Progress,Accepted-In Progress,Queued-Awaiting Assignment,Accepted-In Progress,Accepted-Wait,Accepted-In Progress,Completed-Closed,,,,,,,,,,,,,,,,,,,,,,,,,,,,
Variant 284,1,9,"80 days, 9 hours",6945294000,"80 days, 9 hours",6945294000,Accepted-In Progress,Accepted-Wait,Queued-Awaiting Assignment,Accepted-In Progress,Accepted-Wait,Accepted-In Progress,Accepted-Wait,Accepted-Assigned,Completed-Closed,,,,,,,,,,,,,,,,,,,,,,,,,,
Variant 285,1,10,"22 days, 2 hours",1908578000,"22 days, 2 hours",1908578000,Accepted-In Progress,Queued-Awaiting Assignment,Accepted-In Progress,Queued-Awaiting Assignment,Accepted-In Progress,Queued-Awaiting Assignment,Accepted-In Progress,Queued-Awaiting Assignment,Accepted-In Progress,Completed-Closed,,,,,,,,,,,,,,,,,,,,,,,,,
Variant 286,1,4,"50 days, 21 hours",4397364000,"50 days, 21 hours",4397364000,Queued-Awaiting Assignment,Accepted-In Progress,Accepted-Wait,Completed-Closed,,,,,,,,,,,,,,,,,,,,,,,,,,,,,,,
Variant 287,1,8,"31 days, 14 hours",2730320000,"31 days, 14 hours",2730320000,Accepted-In Progress,Completed-Closed,Accepted-In Progress,Queued-Awaiting Assignment,Accepted-In Progress,Queued-Awaiting Assignment,Accepted-In Progress,Completed-Closed,,,,,,,,,,,,,,,,,,,,,,,,,,,
Variant 288,1,10,"40 days, 11 hours",3498351000,"40 days, 11 hours",3498351000,Accepted-In Progress,Accepted-In Progress,Accepted-In Progress,Queued-Awaiting Assignment,Accepted-In Progress,Queued-Awaiting Assignment,Accepted-In Progress,Queued-Awaiting Assignment,Accepted-In Progress,Completed-Closed,,,,,,,,,,,,,,,,,,,,,,,,,
Variant 289,1,6,"27 days, 5 hours",2353604000,"27 days, 5 hours",2353604000,Accepted-In Progress,Queued-Awaiting Assignment,Accepted-In Progress,Accepted-Assigned,Accepted-Assigned,Completed-Closed,,,,,,,,,,,,,,,,,,,,,,,,,,,,,
Variant 290,1,7,"62 days, 20 hours",5430151000,"62 days, 20 hours",5430151000,Accepted-In Progress,Queued-Awaiting Assignment,Accepted-In Progress,Accepted-Assigned,Accepted-In Progress,Accepted-Wait,Completed-Closed,,,,,,,,,,,,,,,,,,,,,,,,,,,,
Variant 291,1,5,"8 days, 4 hours",705875000,"8 days, 4 hours",705875000,Accepted-Wait,Accepted-In Progress,Completed-Closed,Accepted-In Progress,Completed-Closed,,,,,,,,,,,,,,,,,,,,,,,,,,,,,,
Variant 292,1,8,"64 days, 6 hours",5553361000,"64 days, 6 hours",5553361000,Accepted-In Progress,Queued-Awaiting Assignment,Accepted-In Progress,Queued-Awaiting Assignment,Accepted-Assigned,Accepted-Assigned,Accepted-In Progress,Completed-Closed,,,,,,,,,,,,,,,,,,,,,,,,,,,
Variant 293,1,9,"21 days, 2 hours",1823258000,"21 days, 2 hours",1823258000,Accepted-In Progress,Completed-Closed,Accepted-In Progress,Completed-Closed,Accepted-In Progress,Accepted-In Progress,Completed-Closed,Accepted-In Progress,Completed-Closed,,,,,,,,,,,,,,,,,,,,,,,,,,
Variant 294,1,16,"63 days, 4 hours",5458792000,"63 days, 4 hours",5458792000,Accepted-In Progress,Queued-Awaiting Assignment,Accepted-In Progress,Accepted-Assigned,Accepted-Assigned,Accepted-Wait,Accepted-Assigned,Queued-Awaiting Assignment,Accepted-In Progress,Accepted-Assigned,Accepted-In Progress,Accepted-Assigned,Queued-Awaiting Assignment,Accepted-In Progress,Accepted-In Progress,Completed-Closed,,,,,,,,,,,,,,,,,,,
Variant 295,1,12,"44 days, 16 hours",3859526000,"44 days, 16 hours",3859526000,Accepted-In Progress,Queued-Awaiting Assignment,Accepted-In Progress,Accepted-Assigned,Queued-Awaiting Assignment,Accepted-In Progress,Accepted-Assigned,Accepted-In Progress,Queued-Awaiting Assignment,Accepted-Assigned,Accepted-Wait,Completed-Closed,,,,,,,,,,,,,,,,,,,,,,,
Variant 296,1,8,"30 days, 2 hours",2601586000,"30 days, 2 hours",2601586000,Accepted-In Progress,Queued-Awaiting Assignment,Accepted-In Progress,Queued-Awaiting Assignment,Accepted-In Progress,Accepted-In Progress,Accepted-Wait,Completed-Closed,,,,,,,,,,,,,,,,,,,,,,,,,,,
Variant 297,1,4,"44 days, 17 hours",3865329000,"44 days, 17 hours",3865329000,Queued-Awaiting Assignment,Queued-Awaiting Assignment,Accepted-In Progress,Completed-Closed,,,,,,,,,,,,,,,,,,,,,,,,,,,,,,,
Variant 298,1,5,"14 days, 17 hours",1272751000,"14 days, 17 hours",1272751000,Accepted-In Progress,Accepted-Wait,Completed-Closed,Accepted-In Progress,Completed-Closed,,,,,,,,,,,,,,,,,,,,,,,,,,,,,,
Variant 299,1,11,"53 days, 22 hours",4660107000,"53 days, 22 hours",4660107000,Accepted-In Progress,Queued-Awaiting Assignment,Accepted-In Progress,Accepted-Assigned,Queued-Awaiting Assignment,Accepted-Assigned,Accepted-In Progress,Accepted-In Progress,Accepted-Assigned,Accepted-Wait,Completed-Closed,,,,,,,,,,,,,,,,,,,,,,,,
Variant 300,1,8,"62 days, 13 mins",5357630000,"62 days, 13 mins",5357630000,Accepted-In Progress,Accepted-In Progress,Queued-Awaiting Assignment,Accepted-In Progress,Queued-Awaiting Assignment,Accepted-In Progress,Accepted-In Progress,Completed-Closed,,,,,,,,,,,,,,,,,,,,,,,,,,,
Variant 301,1,7,"31 days, 2 hours",2687442000,"31 days, 2 hours",2687442000,Accepted-In Progress,Queued-Awaiting Assignment,Accepted-In Progress,Accepted-In Progress,Completed-Closed,Accepted-In Progress,Completed-Closed,,,,,,,,,,,,,,,,,,,,,,,,,,,,
Variant 302,1,9,"23 days, 3 hours",2000282000,"23 days, 3 hours",2000282000,Accepted-In Progress,Queued-Awaiting Assignment,Accepted-In Progress,Queued-Awaiting Assignment,Accepted-In Progress,Queued-Awaiting Assignment,Accepted-In Progress,Accepted-Wait,Completed-Closed,,,,,,,,,,,,,,,,,,,,,,,,,,
Variant 303,1,14,"17 days, 5 hours",1488724000,"17 days, 5 hours",1488724000,Accepted-In Progress,Queued-Awaiting Assignment,Accepted-In Progress,Queued-Awaiting Assignment,Accepted-In Progress,Queued-Awaiting Assignment,Accepted-In Progress,Accepted-Assigned,Queued-Awaiting Assignment,Accepted-In Progress,Queued-Awaiting Assignment,Accepted-In Progress,Accepted-In Progress,Completed-Closed,,,,,,,,,,,,,,,,,,,,,
Variant 304,1,8,"12 days, 22 hours",1117042000,"12 days, 22 hours",1117042000,Accepted-In Progress,Accepted-Wait,Queued-Awaiting Assignment,Accepted-In Progress,Accepted-In Progress,Queued-Awaiting Assignment,Accepted-In Progress,Completed-Closed,,,,,,,,,,,,,,,,,,,,,,,,,,,
Variant 305,1,19,"35 days, 19 mins",3025166000,"35 days, 19 mins",3025166000,Accepted-In Progress,Queued-Awaiting Assignment,Accepted-In Progress,Accepted-Assigned,Queued-Awaiting Assignment,Accepted-In Progress,Queued-Awaiting Assignment,Accepted-Assigned,Queued-Awaiting Assignment,Accepted-In Progress,Accepted-Assigned,Queued-Awaiting Assignment,Accepted-In Progress,Accepted-In Progress,Queued-Awaiting Assignment,Accepted-In Progress,Accepted-Wait,Accepted-In Progress,Completed-Closed,,,,,,,,,,,,,,,,
Variant 306,1,6,"29 days, 23 hours",2591016000,"29 days, 23 hours",2591016000,Accepted-In Progress,Accepted-Assigned,Accepted-In Progress,Completed-Closed,Accepted-In Progress,Completed-Closed,,,,,,,,,,,,,,,,,,,,,,,,,,,,,
Variant 307,1,7,"64 days, 51 mins",5532690000,"64 days, 51 mins",5532690000,Accepted-In Progress,Queued-Awaiting Assignment,Accepted-In Progress,Accepted-Wait,Accepted-In Progress,Accepted-Wait,Completed-Closed,,,,,,,,,,,,,,,,,,,,,,,,,,,,
Variant 308,1,6,"40 mins, 41 secs",2441000,"40 mins, 41 secs",2441000,Accepted-In Progress,Accepted-In Progress,Accepted-In Progress,Queued-Awaiting Assignment,Accepted-In Progress,Completed-Closed,,,,,,,,,,,,,,,,,,,,,,,,,,,,,
Variant 309,1,12,"17 days, 3 hours",1481214000,"17 days, 3 hours",1481214000,Queued-Awaiting Assignment,Accepted-In Progress,Queued-Awaiting Assignment,Accepted-In Progress,Accepted-In Progress,Queued-Awaiting Assignment,Accepted-In Progress,Queued-Awaiting Assignment,Accepted-In Progress,Queued-Awaiting Assignment,Accepted-In Progress,Completed-Closed,,,,,,,,,,,,,,,,,,,,,,,
Variant 310,1,18,"58 days, 21 hours",5088649000,"58 days, 21 hours",5088649000,Accepted-In Progress,Queued-Awaiting Assignment,Queued-Awaiting Assignment,Accepted-In Progress,Queued-Awaiting Assignment,Accepted-In Progress,Accepted-Wait,Queued-Awaiting Assignment,Accepted-In Progress,Queued-Awaiting Assignment,Accepted-In Progress,Queued-Awaiting Assignment,Accepted-In Progress,Accepted-Wait,Accepted-In Progress,Queued-Awaiting Assignment,Accepted-In Progress,Completed-Closed,,,,,,,,,,,,,,,,,
Variant 311,1,13,"49 days, 16 hours",4292035000,"49 days, 16 hours",4292035000,Accepted-In Progress,Accepted-In Progress,Queued-Awaiting Assignment,Queued-Awaiting Assignment,Accepted-In Progress,Queued-Awaiting Assignment,Accepted-Assigned,Queued-Awaiting Assignment,Accepted-In Progress,Accepted-In Progress,Accepted-In Progress,Accepted-Wait,Completed-Closed,,,,,,,,,,,,,,,,,,,,,,
Variant 312,1,7,"35 days, 15 hours",3079525000,"35 days, 15 hours",3079525000,Accepted-In Progress,Queued-Awaiting Assignment,Accepted-Assigned,Queued-Awaiting Assignment,Accepted-In Progress,Accepted-Assigned,Completed-Closed,,,,,,,,,,,,,,,,,,,,,,,,,,,,
Variant 313,1,8,"7 days, 18 hours",672593000,"7 days, 18 hours",672593000,Accepted-In Progress,Accepted-In Progress,Accepted-In Progress,Accepted-In Progress,Queued-Awaiting Assignment,Accepted-Assigned,Accepted-In Progress,Completed-Closed,,,,,,,,,,,,,,,,,,,,,,,,,,,
Variant 314,1,11,"37 days, 22 hours",3279194000,"37 days, 22 hours",3279194000,Accepted-In Progress,Queued-Awaiting Assignment,Accepted-In Progress,Accepted-Assigned,Queued-Awaiting Assignment,Accepted-In Progress,Queued-Awaiting Assignment,Accepted-In Progress,Queued-Awaiting Assignment,Accepted-In Progress,Completed-Closed,,,,,,,,,,,,,,,,,,,,,,,,
Variant 315,1,3,"28 days, 3 hours",2432415000,"28 days, 3 hours",2432415000,Queued-Awaiting Assignment,Accepted-Assigned,Completed-Closed,,,,,,,,,,,,,,,,,,,,,,,,,,,,,,,,
Variant 316,1,9,"30 days, 23 hours",2676967000,"30 days, 23 hours",2676967000,Accepted-In Progress,Accepted-In Progress,Completed-Closed,Accepted-In Progress,Completed-Closed,Accepted-In Progress,Completed-Closed,Accepted-In Progress,Completed-Closed,,,,,,,,,,,,,,,,,,,,,,,,,,
Variant 317,1,12,"19 days, 12 hours",1686306000,"19 days, 12 hours",1686306000,Accepted-In Progress,Queued-Awaiting Assignment,Accepted-In Progress,Queued-Awaiting Assignment,Queued-Awaiting Assignment,Accepted-In Progress,Queued-Awaiting Assignment,Accepted-Assigned,Queued-Awaiting Assignment,Accepted-Assigned,Accepted-In Progress,Completed-Closed,,,,,,,,,,,,,,,,,,,,,,,
Variant 318,1,9,"20 days, 2 hours",1737284000,"20 days, 2 hours",1737284000,Accepted-In Progress,Accepted-In Progress,Queued-Awaiting Assignment,Accepted-In Progress,Queued-Awaiting Assignment,Accepted-Assigned,Accepted-Assigned,Accepted-In Progress,Completed-Closed,,,,,,,,,,,,,,,,,,,,,,,,,,
Variant 319,1,10,"39 days, 19 hours",3440428000,"39 days, 19 hours",3440428000,Accepted-In Progress,Accepted-Assigned,Queued-Awaiting Assignment,Queued-Awaiting Assignment,Accepted-Assigned,Queued-Awaiting Assignment,Accepted-In Progress,Accepted-Assigned,Accepted-In Progress,Completed-Closed,,,,,,,,,,,,,,,,,,,,,,,,,
Variant 320,1,5,"21 days, 4 hours",1829416000,"21 days, 4 hours",1829416000,Queued-Awaiting Assignment,Accepted-Assigned,Queued-Awaiting Assignment,Accepted-In Progress,Completed-Closed,,,,,,,,,,,,,,,,,,,,,,,,,,,,,,
Variant 321,1,7,"26 days, 4 hours",2264065000,"26 days, 4 hours",2264065000,Queued-Awaiting Assignment,Accepted-In Progress,Queued-Awaiting Assignment,Accepted-In Progress,Accepted-Wait,Accepted-In Progress,Completed-Closed,,,,,,,,,,,,,,,,,,,,,,,,,,,,
Variant 322,1,4,"23 days, 45 mins",1989906000,"23 days, 45 mins",1989906000,Queued-Awaiting Assignment,Accepted-In Progress,Accepted-In Progress,Completed-Closed,,,,,,,,,,,,,,,,,,,,,,,,,,,,,,,
Variant 323,1,11,"25 days, 20 hours",2233012000,"25 days, 20 hours",2233012000,Accepted-In Progress,Queued-Awaiting Assignment,Queued-Awaiting Assignment,Accepted-In Progress,Accepted-In Progress,Queued-Awaiting Assignment,Queued-Awaiting Assignment,Accepted-In Progress,Completed-Closed,Accepted-In Progress,Completed-Closed,,,,,,,,,,,,,,,,,,,,,,,,
Variant 324,1,8,"8 days, 17 hours",753102000,"8 days, 17 hours",753102000,Accepted-In Progress,Accepted-Wait,Accepted-Wait,Accepted-In Progress,Accepted-Wait,Queued-Awaiting Assignment,Accepted-In Progress,Completed-Closed,,,,,,,,,,,,,,,,,,,,,,,,,,,
Variant 325,1,6,"22 hours, 33 mins",81198000,"22 hours, 33 mins",81198000,Accepted-In Progress,Accepted-In Progress,Accepted-In Progress,Accepted-Wait,Accepted-In Progress,Completed-Closed,,,,,,,,,,,,,,,,,,,,,,,,,,,,,
Variant 326,1,1,0 millis,0,0 millis,0,Completed-Closed,,,,,,,,,,,,,,,,,,,,,,,,,,,,,,,,,,
Variant 327,1,8,"3 days, 7 hours",287730000,"3 days, 7 hours",287730000,Accepted-In Progress,Completed-Closed,Accepted-In Progress,Completed-Closed,Accepted-In Progress,Accepted-Assigned,Accepted-In Progress,Completed-Closed,,,,,,,,,,,,,,,,,,,,,,,,,,,
